/home/julia/Mariner-Migration-Project/DevServices-ContainerRegistry-Service/src/github.com/docker/distribution/registry/storage/purgeuploads_test.go,[114],tree,tree,check versioning
/home/julia/Mariner-Migration-Project/DevServices-ContainerRegistry-Service/src/github.com/docker/distribution/registry/middleware/registry/kraterstorageregistryproxy/middlewareregistryproxy.go,"[48, 48]",nginx,nginx,check versioning
/home/julia/Mariner-Migration-Project/DevServices-ContainerRegistry-Service/src/github.com/docker/distribution/docs/recipes/osx-setup-guide.md,[44],tree,tree,check versioning
/home/julia/Mariner-Migration-Project/DevServices-ContainerRegistry-Service/src/github.com/docker/distribution/docs/recipes/nginx.md,"[4, 11, 16, 28, 46, 54, 71, 89, 90]",nginx,nginx,check versioning
/home/julia/Mariner-Migration-Project/DevServices-ContainerRegistry-Service/src/github.com/docker/distribution/docs/storage-drivers/gcs.md,[78],tree,tree,check versioning
/home/julia/Mariner-Migration-Project/DevServices-ContainerRegistry-Service/src/github.com/docker/distribution/docs/storage-drivers/s3.md,[188],tree,tree,check versioning
/home/julia/Mariner-Migration-Project/DevServices-ContainerRegistry-Service/src/github.com/docker/distribution/docs/storage-drivers/filesystem.md,[18],tree,tree,check versioning
/home/julia/Mariner-Migration-Project/DevServices-ContainerRegistry-Service/src/github.com/docker/distribution/docs/storage-drivers/index.md,[24],tree,tree,check versioning
/home/julia/Mariner-Migration-Project/DevServices-ContainerRegistry-Service/src/github.com/docker/distribution/docs/storage-drivers/oss.md,[123],tree,tree,check versioning
/home/julia/Mariner-Migration-Project/DevServices-ContainerRegistry-Service/src/github.com/docker/distribution/vendor/github.com/spf13/cobra/md_docs.md,[3],tree,tree,check versioning
/home/julia/Mariner-Migration-Project/DevServices-ContainerRegistry-Service/src/github.com/docker/distribution/vendor/github.com/spf13/cobra/command.go,"[377, 529, 960, 983]",tree,tree,check versioning
/home/julia/Mariner-Migration-Project/DevServices-ContainerRegistry-Service/src/github.com/docker/distribution/vendor/github.com/spf13/cobra/README.md,"[71, 74, 457]",tree,tree,check versioning
/home/julia/Mariner-Migration-Project/DevServices-ContainerRegistry-Service/src/github.com/docker/distribution/vendor/github.com/jmespath/go-jmespath/interpreter.go,[10],tree,tree,check versioning
/home/julia/Mariner-Migration-Project/DevServices-ContainerRegistry-Service/src/github.com/docker/distribution/vendor/github.com/jmespath/go-jmespath/parser.go,[39],tree,tree,check versioning
/home/julia/Mariner-Migration-Project/DevServices-ContainerRegistry-Service/src/github.com/docker/distribution/vendor/github.com/xeipuuv/gojsonschema/jsonContext.go,[41],tree,tree,check versioning
/home/julia/Mariner-Migration-Project/DevServices-ContainerRegistry-Service/src/github.com/docker/distribution/vendor/github.com/golang/protobuf/protoc-gen-go/generator/generator.go,[398],tree,tree,check versioning
/home/julia/Mariner-Migration-Project/DevServices-ContainerRegistry-Service/src/github.com/docker/distribution/vendor/gopkg.in/yaml.v2/decode.go,[32],tree,tree,check versioning
/home/julia/Mariner-Migration-Project/DevServices-ContainerRegistry-Service/src/github.com/docker/distribution/vendor/rsc.io/letsencrypt/vendor/gopkg.in/square/go-jose.v1/crypter_test.go,"[108, 173, 413]",zip,zip,check versioning 
/home/julia/Mariner-Migration-Project/DevServices-ContainerRegistry-Service/src/github.com/docker/distribution/vendor/google.golang.org/genproto/googleapis/cloud/resourcemanager/v2/folders.pb.go,"[919, 1145]",tree,tree,check versioning
/home/julia/Mariner-Migration-Project/DevServices-ContainerRegistry-Service/src/github.com/docker/distribution/vendor/google.golang.org/genproto/googleapis/cloud/language/v1beta2/language_service.pb.go,"[1411, 1664]",tree,tree,check versioning
/home/julia/Mariner-Migration-Project/DevServices-ContainerRegistry-Service/src/github.com/docker/distribution/vendor/google.golang.org/genproto/googleapis/cloud/language/v1beta1/language_service.pb.go,"[1372, 1636]",tree,tree,check versioning
/home/julia/Mariner-Migration-Project/DevServices-ContainerRegistry-Service/src/github.com/docker/distribution/vendor/google.golang.org/genproto/googleapis/cloud/language/v1/language_service.pb.go,"[1408, 1663]",tree,tree,check versioning
/home/julia/Mariner-Migration-Project/DevServices-ContainerRegistry-Service/src/github.com/docker/distribution/vendor/google.golang.org/genproto/googleapis/appengine/logging/v1/request_log.pb.go,[155],tree,tree,check versioning
/home/julia/Mariner-Migration-Project/DevServices-ContainerRegistry-Service/src/github.com/docker/distribution/vendor/google.golang.org/genproto/googleapis/appengine/v1/deploy.pb.go,"[31, 31, 190, 194, 194]",zip,zip,check versioning 
/home/julia/Mariner-Migration-Project/DevServices-ContainerRegistry-Service/src/github.com/docker/distribution/vendor/google.golang.org/genproto/googleapis/privacy/dlp/v2/dlp.pb.go,[8691],zip,zip,check versioning 
/home/julia/Mariner-Migration-Project/DevServices-ContainerRegistry-Service/src/github.com/docker/distribution/vendor/google.golang.org/genproto/googleapis/devtools/remoteexecution/v1test/remote_execution.pb.go,"[93, 693, 1030, 2495, 2500, 2506, 2509, 2577, 2582, 2588, 2591]",tree,tree,check versioning
/home/julia/Mariner-Migration-Project/DevServices-ContainerRegistry-Service/src/github.com/docker/distribution/vendor/google.golang.org/genproto/googleapis/devtools/resultstore/v2/file.pb.go,[75],zip,zip,check versioning 
/home/julia/Mariner-Migration-Project/DevServices-ContainerRegistry-Service/src/github.com/docker/distribution/vendor/google.golang.org/genproto/googleapis/devtools/resultstore/v2/action.pb.go,[580],tree,tree,check versioning
/home/julia/Mariner-Migration-Project/DevServices-ContainerRegistry-Service/src/github.com/docker/distribution/vendor/google.golang.org/genproto/googleapis/devtools/source/v1/source_context.pb.go,[58],tree,tree,check versioning
/home/julia/Mariner-Migration-Project/DevServices-ContainerRegistry-Service/src/github.com/docker/distribution/vendor/google.golang.org/genproto/googleapis/devtools/containeranalysis/v1beta1/source/source.pb.go,[56],tree,tree,check versioning
/home/julia/Mariner-Migration-Project/DevServices-ContainerRegistry-Service/src/github.com/docker/distribution/vendor/google.golang.org/genproto/googleapis/devtools/containeranalysis/v1alpha1/source_context.pb.go,[57],tree,tree,check versioning
/home/julia/Mariner-Migration-Project/DevServices-ContainerRegistry-Service/src/github.com/docker/distribution/vendor/google.golang.org/appengine/.travis.yml,[11],unzip,unzip,check versioning
/home/julia/Mariner-Migration-Project/DevServices-ContainerRegistry-Service/src/github.com/docker/distribution/vendor/google.golang.org/protobuf/types/descriptorpb/descriptor.pb.go,[527],tree,tree,check versioning
/home/julia/Mariner-Migration-Project/DevServices-ContainerRegistry-Service/src/github.com/docker/distribution/vendor/google.golang.org/protobuf/testing/protopack/pack.go,"[56, 173, 252, 276]",tree,tree,check versioning
/home/julia/Mariner-Migration-Project/DevServices-ContainerRegistry-Service/src/github.com/docker/distribution/vendor/google.golang.org/protobuf/reflect/protoreflect/type.go,[122],tree,tree,check versioning
/home/julia/Mariner-Migration-Project/DevServices-ContainerRegistry-Service/src/github.com/docker/distribution/vendor/google.golang.org/protobuf/integration_test.go,"[52, 58, 62]",tree,tree,check versioning
/home/julia/Mariner-Migration-Project/DevServices-ContainerRegistry-Service/src/github.com/docker/distribution/vendor/google.golang.org/protobuf/internal/fuzz/oss-fuzz-build.sh,[23],zip,zip,check versioning 
/home/julia/Mariner-Migration-Project/DevServices-ContainerRegistry-Service/src/github.com/docker/distribution/vendor/google.golang.org/protobuf/internal/cmd/pbdump/pbdump.go,"[143, 204]",tree,tree,check versioning
/home/julia/Mariner-Migration-Project/DevServices-ContainerRegistry-Service/src/github.com/docker/distribution/vendor/google.golang.org/protobuf/internal/filetype/build.go,"[26, 30, 34]",tree,tree,check versioning
/home/julia/Mariner-Migration-Project/DevServices-ContainerRegistry-Service/src/github.com/docker/distribution/vendor/google.golang.org/grpc/vet.sh,[60],unzip,unzip,check versioning
/home/julia/Mariner-Migration-Project/DevServices-ContainerRegistry-Service/src/github.com/docker/distribution/vendor/google.golang.org/grpc/install_gae.sh,[5],unzip,unzip,check versioning
/home/julia/Mariner-Migration-Project/DevServices-ContainerRegistry-Service/src/github.com/docker/distribution/vendor/golang.org/x/sys/unix/linux/Dockerfile,[38],gcc,gcc,check versioning
/home/julia/Mariner-Migration-Project/DevServices-ContainerRegistry-Service/src/github.com/docker/distribution/vendor/golang.org/x/sys/unix/linux/mkall.go,[526],gcc,gcc,check versioning
/home/julia/Mariner-Migration-Project/DevServices-ContainerRegistry-Service/src/github.com/docker/distribution/vendor/golang.org/x/sys/unix/mkerrors.sh,[415],gcc,gcc,check versioning
/home/julia/Mariner-Migration-Project/DevServices-ContainerRegistry-Service/src/github.com/docker/distribution/vendor/golang.org/x/net/http2/writesched_priority_test.go,[299],tree,tree,check versioning
/home/julia/Mariner-Migration-Project/DevServices-ContainerRegistry-Service/src/github.com/docker/distribution/vendor/golang.org/x/net/http2/Dockerfile,"[18, 22, 35]",autoconf,autoconf,check versioning
/home/julia/Mariner-Migration-Project/DevServices-ContainerRegistry-Service/src/github.com/docker/distribution/vendor/golang.org/x/net/http2/Dockerfile,[21],binutils,binutils,check versioning
/home/julia/Mariner-Migration-Project/DevServices-ContainerRegistry-Service/src/github.com/docker/distribution/vendor/golang.org/x/net/http2/Dockerfile,"[17, 23]",libssl-dev,openssl,openssl-devel
/home/julia/Mariner-Migration-Project/DevServices-ContainerRegistry-Service/src/github.com/docker/distribution/vendor/golang.org/x/net/http2/writesched_priority.go,"[97, 151, 233, 240, 338]",tree,tree,check versioning
/home/julia/Mariner-Migration-Project/DevServices-ContainerRegistry-Service/src/github.com/docker/distribution/vendor/golang.org/x/net/http2/testdata/draft-ietf-httpbis-http2.xml,"[1022, 1272, 1345, 1373]",tree,tree,check versioning
/home/julia/Mariner-Migration-Project/DevServices-ContainerRegistry-Service/src/github.com/docker/distribution/vendor/golang.org/x/net/http2/h2demo/tmpl.go,[1133],gcc,gcc,check versioning
/home/julia/Mariner-Migration-Project/DevServices-ContainerRegistry-Service/src/github.com/docker/distribution/vendor/golang.org/x/net/http2/h2demo/tmpl.go,"[391, 1235, 1270, 1302, 1765]",tree,tree,check versioning
/home/julia/Mariner-Migration-Project/DevServices-ContainerRegistry-Service/src/github.com/docker/distribution/vendor/golang.org/x/text/feature/plural/gen.go,[89],zip,zip,check versioning 
/home/julia/Mariner-Migration-Project/DevServices-ContainerRegistry-Service/src/github.com/docker/distribution/vendor/golang.org/x/text/internal/gen/gen.go,[124],zip,zip,check versioning 
/home/julia/Mariner-Migration-Project/DevServices-ContainerRegistry-Service/src/github.com/docker/distribution/vendor/golang.org/x/text/internal/number/gen.go,[42],zip,zip,check versioning 
/home/julia/Mariner-Migration-Project/DevServices-ContainerRegistry-Service/src/github.com/docker/distribution/vendor/golang.org/x/text/internal/cldrtree/cldrtree_test.go,[96],tree,tree,check versioning
/home/julia/Mariner-Migration-Project/DevServices-ContainerRegistry-Service/src/github.com/docker/distribution/vendor/golang.org/x/text/internal/cldrtree/tree.go,[20],tree,tree,check versioning
/home/julia/Mariner-Migration-Project/DevServices-ContainerRegistry-Service/src/github.com/docker/distribution/vendor/golang.org/x/text/internal/cldrtree/cldrtree.go,"[13, 22, 28]",tree,tree,check versioning
/home/julia/Mariner-Migration-Project/DevServices-ContainerRegistry-Service/src/github.com/docker/distribution/vendor/golang.org/x/text/internal/cldrtree/testdata/test2/output.go,[7],tree,tree,check versioning
/home/julia/Mariner-Migration-Project/DevServices-ContainerRegistry-Service/src/github.com/docker/distribution/vendor/golang.org/x/text/internal/cldrtree/testdata/test1/output.go,[7],tree,tree,check versioning
/home/julia/Mariner-Migration-Project/DevServices-ContainerRegistry-Service/src/github.com/docker/distribution/vendor/golang.org/x/text/internal/cldrtree/generate.go,[22],tree,tree,check versioning
/home/julia/Mariner-Migration-Project/DevServices-ContainerRegistry-Service/src/github.com/docker/distribution/vendor/golang.org/x/text/unicode/cldr/makexml.go,"[34, 39]",zip,zip,check versioning 
/home/julia/Mariner-Migration-Project/DevServices-ContainerRegistry-Service/src/github.com/docker/distribution/vendor/golang.org/x/text/unicode/cldr/decode.go,[161],zip,zip,check versioning 
/home/julia/Mariner-Migration-Project/DevServices-ContainerRegistry-Service/src/github.com/docker/distribution/vendor/golang.org/x/text/unicode/norm/normalize_test.go,[625],g++, , 
/home/julia/Mariner-Migration-Project/DevServices-ContainerRegistry-Service/src/github.com/docker/distribution/vendor/golang.org/x/text/language/display/maketables.go,[66],zip,zip,check versioning 
/home/julia/Mariner-Migration-Project/DevServices-ContainerRegistry-Service/src/github.com/docker/distribution/contrib/compose/nginx/docker-registry.conf,[6],nginx,nginx,check versioning
/home/julia/Mariner-Migration-Project/DevServices-ContainerRegistry-Service/src/github.com/docker/distribution/Godeps/Readme,[1],tree,tree,check versioning
/home/julia/Mariner-Migration-Project/DevServices-ContainerRegistry-Service/src/github.com/docker/distribution/managescripts/registrydeployment/start.sbi.sh,[19],jq,jq,check versioning
/home/julia/Mariner-Migration-Project/DevServices-ContainerRegistry-Service/src/github.com/docker/distribution/managescripts/registrydeployment/start.sh,[20],jq,jq,check versioning
/home/julia/Mariner-Migration-Project/DevServices-ContainerRegistry-Service/src/github.com/docker/distribution/managescripts/bootstrappercontainer/Dockerfile.kraterdev,"[1, 2, 2, 6, 8, 8]",nginx,nginx,check versioning
/home/julia/Mariner-Migration-Project/DevServices-ContainerRegistry-Service/src/github.com/docker/distribution/managescripts/bootstrappercontainer/redis/Dockerfile,[26],gcc,gcc,check versioning
/home/julia/Mariner-Migration-Project/DevServices-ContainerRegistry-Service/src/github.com/docker/distribution/managescripts/bootstrappercontainer/startall.sh,[71],collectd,collectd,check versioning
/home/julia/Mariner-Migration-Project/DevServices-ContainerRegistry-Service/src/github.com/docker/distribution/managescripts/bootstrappercontainer/startall.sh,[77],systemd,systemd,systemd-devel; check versioning
/home/julia/Mariner-Migration-Project/DevServices-ContainerRegistry-Service/src/github.com/docker/distribution/managescripts/bootstrappercontainer/startall.sh,[74],td-agent,td-agent,check versioning
/home/julia/Mariner-Migration-Project/DevServices-ContainerRegistry-Service/src/github.com/docker/distribution/managescripts/bootstrappercontainer/install.sh,"[45, 49, 50, 416]",apt, ,Ubuntu-specific
/home/julia/Mariner-Migration-Project/DevServices-ContainerRegistry-Service/src/github.com/docker/distribution/managescripts/bootstrappercontainer/install.sh,[50],azure-security,azure-security,from yumrepos/azurecore; check versioning
/home/julia/Mariner-Migration-Project/DevServices-ContainerRegistry-Service/src/github.com/docker/distribution/managescripts/bootstrappercontainer/install.sh,[50],clamav,clamav,check versioning
/home/julia/Mariner-Migration-Project/DevServices-ContainerRegistry-Service/src/github.com/docker/distribution/managescripts/bootstrappercontainer/install.sh,"[56, 57]",collectd,collectd,check versioning
/home/julia/Mariner-Migration-Project/DevServices-ContainerRegistry-Service/src/github.com/docker/distribution/managescripts/bootstrappercontainer/install.sh,"[8, 46, 51]",jq,jq,check versioning
/home/julia/Mariner-Migration-Project/DevServices-ContainerRegistry-Service/src/github.com/docker/distribution/managescripts/bootstrappercontainer/install.sh,[529],qualys-command-line-agent, , 
/home/julia/Mariner-Migration-Project/DevServices-ContainerRegistry-Service/src/github.com/docker/distribution/managescripts/bootstrappercontainer/dataproxy/acr/vnet.lua,"[168, 176]",nginx,nginx,check versioning
/home/julia/Mariner-Migration-Project/DevServices-ContainerRegistry-Service/src/github.com/docker/distribution/managescripts/bootstrappercontainer/dataproxy/acr/Dockerfile,[150],nginx,nginx,check versioning
/home/julia/Mariner-Migration-Project/DevServices-ContainerRegistry-Service/src/github.com/docker/distribution/managescripts/bootstrappercontainer/dataproxy/nginx.conf.proxy.template,"[108, 140, 243]",nginx,nginx,check versioning
/home/julia/Mariner-Migration-Project/DevServices-ContainerRegistry-Service/src/github.com/docker/distribution/managescripts/bootstrappercontainer/generate-docker-compose.sh,[8],jq,jq,check versioning
/home/julia/Mariner-Migration-Project/DevServices-ContainerRegistry-Service/src/github.com/docker/distribution/managescripts/bootstrappercontainer/install.ossregistry.sh,[257],apt, ,Ubuntu-specific
/home/julia/Mariner-Migration-Project/DevServices-ContainerRegistry-Service/src/github.com/docker/distribution/managescripts/bootstrappercontainer/install.ossregistry.sh,"[71, 72]",collectd,collectd,check versioning
/home/julia/Mariner-Migration-Project/DevServices-ContainerRegistry-Service/src/github.com/docker/distribution/managescripts/bootstrappercontainer/install.ossregistry.sh,"[7, 68]",jq,jq,check versioning
/home/julia/Mariner-Migration-Project/DevServices-ContainerRegistry-Service/src/github.com/docker/distribution/managescripts/bootstrappercontainer/install.ossregistry.sh,[239],qualys-command-line-agent, , 
/home/julia/Mariner-Migration-Project/DevServices-ContainerRegistry-Service/src/github.com/docker/distribution/managescripts/bootstrappercontainer/certmonitorhelpers.sh,"[241, 243, 255]",collectd,collectd,check versioning
/home/julia/Mariner-Migration-Project/DevServices-ContainerRegistry-Service/src/github.com/docker/distribution/managescripts/bootstrappercontainer/certmonitorhelpers.sh,"[354, 355, 409, 418, 426, 427, 440, 448, 449, 451]",nginx,nginx,check versioning
/home/julia/Mariner-Migration-Project/DevServices-ContainerRegistry-Service/src/github.com/docker/distribution/managescripts/bootstrappercontainer/startall.ossregistry.sh,[42],td-agent,td-agent,check versioning
/home/julia/Mariner-Migration-Project/DevServices-ContainerRegistry-Service/src/github.com/docker/distribution/managescripts/bootstrappercontainer/startdataproxy.sh,"[149, 152, 184, 185]",nginx,nginx,check versioning
/home/julia/Mariner-Migration-Project/DevServices-ContainerRegistry-Service/src/github.com/docker/distribution/managescripts/bootstrappercontainer/managedcertversionshelpers.sh,"[44, 76, 86, 87, 88, 98]",jq,jq,check versioning
/home/julia/Mariner-Migration-Project/DevServices-ContainerRegistry-Service/src/github.com/docker/distribution/managescripts/bootstrappercontainer/nginx/Dockerfile,[58],gcc,gcc,check versioning
/home/julia/Mariner-Migration-Project/DevServices-ContainerRegistry-Service/src/github.com/docker/distribution/managescripts/bootstrappercontainer/nginx/Dockerfile,"[55, 56, 56, 70, 118, 122]",nginx,nginx,check versioning
/home/julia/Mariner-Migration-Project/DevServices-ContainerRegistry-Service/src/github.com/docker/distribution/managescripts/bootstrappercontainer/startmdsd.sh,[34],azsec-clamav,azsec-clamav,from yumrepos/azurecore; check versioning
/home/julia/Mariner-Migration-Project/DevServices-ContainerRegistry-Service/src/github.com/docker/distribution/managescripts/bootstrappercontainer/startmdsd.sh,[34],azsec-monitor,azsec-monitor,from yumrepos/azurecore; check versioning
/home/julia/Mariner-Migration-Project/DevServices-ContainerRegistry-Service/src/github.com/docker/distribution/managescripts/bootstrappercontainer/startmdsd.sh,[34],azure-mdsd,azure-mdsd,from yumrepos/azurecore; check versioning
/home/julia/Mariner-Migration-Project/DevServices-ContainerRegistry-Service/src/github.com/docker/distribution/managescripts/bootstrappercontainer/startmdsd.sh,[34],azure-security,azure-security,from yumrepos/azurecore; check versioning
/home/julia/Mariner-Migration-Project/DevServices-ContainerRegistry-Service/src/github.com/docker/distribution/managescripts/bootstrappercontainer/startmdsd.sh,"[140, 141]",clamav,clamav,check versioning
/home/julia/Mariner-Migration-Project/DevServices-ContainerRegistry-Service/src/github.com/docker/distribution/managescripts/bootstrappercontainer/limitdaemons.sh,"[10, 30, 34]",systemd,systemd,systemd-devel; check versioning
/home/julia/Mariner-Migration-Project/DevServices-ContainerRegistry-Service/src/github.com/docker/distribution/managescripts/bootstrappercontainer/acrcollectd/plugins/docker_collectd_plugin/docker_collectd_plugin.py,"[803, 828, 851, 949, 951, 1008, 1021]",collectd,collectd,check versioning
/home/julia/Mariner-Migration-Project/DevServices-ContainerRegistry-Service/src/github.com/docker/distribution/managescripts/bootstrappercontainer/acrcollectd/plugins/redis_info/redis_info.py,[32],collectd,collectd,check versioning
/home/julia/Mariner-Migration-Project/DevServices-ContainerRegistry-Service/src/github.com/docker/distribution/managescripts/bootstrappercontainer/acrcollectd/plugins/write_statsd/write_statsd.py,"[22, 34, 55, 74, 140, 191, 236, 241]",collectd,collectd,check versioning
/home/julia/Mariner-Migration-Project/DevServices-ContainerRegistry-Service/src/github.com/docker/distribution/managescripts/bootstrappercontainer/startregistryhelpers.sh,[123],nginx,nginx,check versioning
/home/julia/Mariner-Migration-Project/DevServices-ContainerRegistry-Service/src/github.com/docker/distribution/managescripts/bootstrappercontainer/configure-certs.sh,[91],nginx,nginx,check versioning
/home/julia/Mariner-Migration-Project/DevServices-ContainerRegistry-Service/src/github.com/docker/distribution/managescripts/bootstrappercontainer/nginx.conf.kraterdev,"[18, 19]",nginx,nginx,check versioning
/home/julia/Mariner-Migration-Project/DevServices-ContainerRegistry-Service/src/github.com/docker/distribution/managescripts/bootstrappercontainer/startkraterdev.sh,"[65, 83, 90, 94]",nginx,nginx,check versioning
/home/julia/Mariner-Migration-Project/DevServices-ContainerRegistry-Service/src/github.com/docker/distribution/managescripts/bootstrappercontainer/configstartup.sh,"[80, 81]",collectd,collectd,check versioning
/home/julia/Mariner-Migration-Project/DevServices-ContainerRegistry-Service/src/github.com/docker/distribution/managescripts/bootstrappercontainer/configstartup.sh,[64],td-agent,td-agent,check versioning
/home/julia/Mariner-Migration-Project/DevServices-ContainerRegistry-Service/src/github.com/docker/distribution/managescripts/bootstrappercontainer/startcollectd.sh,"[2, 63, 81, 83, 84]",collectd,collectd,check versioning
/home/julia/Mariner-Migration-Project/DevServices-ContainerRegistry-Service/src/github.com/docker/distribution/managescripts/bootstrappercontainer/getconfig.sh,[6],jq,jq,check versioning
/home/julia/Mariner-Migration-Project/DevServices-ContainerRegistry-Service/src/github.com/docker/distribution/managescripts/dockerAddUser.sh,[8],apache2-utils,htttpd,httpd-tools 
/home/julia/Mariner-Migration-Project/DevServices-ContainerRegistry-Service/src/github.com/theupdateframework/notary/docs/README.md,[72],tree,tree,check versioning
/home/julia/Mariner-Migration-Project/DevServices-ContainerRegistry-Service/src/github.com/theupdateframework/notary/server/storage/tuf_store.go,[14],tree,tree,check versioning
/home/julia/Mariner-Migration-Project/DevServices-ContainerRegistry-Service/src/github.com/theupdateframework/notary/signer.acr.Dockerfile,"[3, 15]",gcc,gcc,check versioning
/home/julia/Mariner-Migration-Project/DevServices-ContainerRegistry-Service/src/github.com/theupdateframework/notary/buildscripts/dockertest.py,[120],containerd,moby-containerd, 
/home/julia/Mariner-Migration-Project/DevServices-ContainerRegistry-Service/src/github.com/theupdateframework/notary/server.Dockerfile,"[3, 24]",gcc,gcc,check versioning
/home/julia/Mariner-Migration-Project/DevServices-ContainerRegistry-Service/src/github.com/theupdateframework/notary/tuf/tuf.go,[815],tree,tree,check versioning
/home/julia/Mariner-Migration-Project/DevServices-ContainerRegistry-Service/src/github.com/theupdateframework/notary/vendor/github.com/spf13/cobra/command.go,"[384, 607, 1145, 1168]",tree,tree,check versioning
/home/julia/Mariner-Migration-Project/DevServices-ContainerRegistry-Service/src/github.com/theupdateframework/notary/vendor/github.com/spf13/cobra/README.md,"[122, 125, 857]",tree,tree,check versioning
/home/julia/Mariner-Migration-Project/DevServices-ContainerRegistry-Service/src/github.com/theupdateframework/notary/vendor/github.com/google/certificate-transparency/go/types.go,"[112, 283, 285]",tree,tree,check versioning
/home/julia/Mariner-Migration-Project/DevServices-ContainerRegistry-Service/src/github.com/theupdateframework/notary/vendor/github.com/google/certificate-transparency/go/client/logclient.go,"[68, 69, 70, 93]",tree,tree,check versioning
/home/julia/Mariner-Migration-Project/DevServices-ContainerRegistry-Service/src/github.com/theupdateframework/notary/vendor/github.com/google/certificate-transparency/go/serialization.go,[480],tree,tree,check versioning
/home/julia/Mariner-Migration-Project/DevServices-ContainerRegistry-Service/src/github.com/theupdateframework/notary/vendor/github.com/google/certificate-transparency/README.Fedora,[21],autoconf,autoconf,check versioning
/home/julia/Mariner-Migration-Project/DevServices-ContainerRegistry-Service/src/github.com/theupdateframework/notary/vendor/github.com/google/certificate-transparency/README.Fedora,"[49, 61]",unzip,unzip,check versioning
/home/julia/Mariner-Migration-Project/DevServices-ContainerRegistry-Service/src/github.com/theupdateframework/notary/vendor/github.com/google/certificate-transparency/README.md,[92],autoconf,autoconf,check versioning
/home/julia/Mariner-Migration-Project/DevServices-ContainerRegistry-Service/src/github.com/theupdateframework/notary/vendor/github.com/google/certificate-transparency/README.md,[92],g++, , 
/home/julia/Mariner-Migration-Project/DevServices-ContainerRegistry-Service/src/github.com/theupdateframework/notary/vendor/github.com/google/certificate-transparency/README.md,[94],libssl-dev,openssl,openssl-devel
/home/julia/Mariner-Migration-Project/DevServices-ContainerRegistry-Service/src/github.com/theupdateframework/notary/vendor/github.com/google/certificate-transparency/README.md,"[92, 101, 110]",unzip,unzip,check versioning
/home/julia/Mariner-Migration-Project/DevServices-ContainerRegistry-Service/src/github.com/theupdateframework/notary/vendor/github.com/google/certificate-transparency/proto/ct.proto,"[210, 232, 233]",tree,tree,check versioning
/home/julia/Mariner-Migration-Project/DevServices-ContainerRegistry-Service/src/github.com/theupdateframework/notary/vendor/github.com/mattn/go-sqlite3/code/sqlite3-binding.h,"[3066, 7457]",tree,tree,check versioning
/home/julia/Mariner-Migration-Project/DevServices-ContainerRegistry-Service/src/github.com/theupdateframework/notary/vendor/github.com/mattn/go-sqlite3/code/sqlite3-binding.c,[25041],autoconf,autoconf,check versioning
/home/julia/Mariner-Migration-Project/DevServices-ContainerRegistry-Service/src/github.com/theupdateframework/notary/vendor/github.com/mattn/go-sqlite3/code/sqlite3-binding.c,"[36961, 54878, 62961, 65391, 65394, 66478]",gcc,gcc,check versioning
/home/julia/Mariner-Migration-Project/DevServices-ContainerRegistry-Service/src/github.com/theupdateframework/notary/vendor/github.com/mattn/go-sqlite3/code/sqlite3-binding.c,"[3181, 7572, 11263, 11352, 11381, 11465, 11469, 11952, 12099, 12247, 39504, 39505, 39509, 39532, 39532, 39533, 39538, 39547, 39570, 39574, 39575, 50314, 50685, 50713, 50864, 55441, 57024, 57279, 57699, 57967, 58287, 58292, 58354, 58356, 58846, 58857, 58862, 59080, 59151, 59373, 76001, 76024, 76158, 76166, 76172, 76739, 76739, 77441, 77906, 77915, 77980, 78321, 78348, 78396, 81531, 81620, 84907, 90144, 90165, 90183, 90197, 97940, 104498, 105219, 110340, 125063, 125073, 125477, 125821, 127540, 127573, 127596, 130850, 131389, 132666, 132668, 132670, 132673, 132674, 132675, 132849, 132868, 132869, 132882, 132901, 132907, 132948, 133068, 133070, 133118, 135791, 135817, 135819, 137723, 137762, 137850, 137955, 143593, 143723, 143780, 146026, 146265]",tree,tree,check versioning
/home/julia/Mariner-Migration-Project/DevServices-ContainerRegistry-Service/src/github.com/theupdateframework/notary/vendor/github.com/dvsekhvalnov/jose2go/jose.go,[218],zip,zip,check versioning 
/home/julia/Mariner-Migration-Project/DevServices-ContainerRegistry-Service/src/github.com/theupdateframework/notary/vendor/gopkg.in/yaml.v2/decode.go,[32],tree,tree,check versioning
/home/julia/Mariner-Migration-Project/DevServices-ContainerRegistry-Service/src/github.com/theupdateframework/notary/vendor/gopkg.in/dancannon/gorethink.v3/utils.go,[27],tree,tree,check versioning
/home/julia/Mariner-Migration-Project/DevServices-ContainerRegistry-Service/src/github.com/theupdateframework/notary/vendor/gopkg.in/dancannon/gorethink.v3/query.go,"[125, 189]",tree,tree,check versioning
/home/julia/Mariner-Migration-Project/DevServices-ContainerRegistry-Service/src/github.com/theupdateframework/notary/vendor/golang.org/x/sys/unix/linux/Dockerfile,[35],gcc,gcc,check versioning
/home/julia/Mariner-Migration-Project/DevServices-ContainerRegistry-Service/src/github.com/theupdateframework/notary/vendor/golang.org/x/sys/unix/linux/mkall.go,[374],gcc,gcc,check versioning
/home/julia/Mariner-Migration-Project/DevServices-ContainerRegistry-Service/src/github.com/theupdateframework/notary/vendor/golang.org/x/sys/unix/mkerrors.sh,[335],gcc,gcc,check versioning
/home/julia/Mariner-Migration-Project/DevServices-ContainerRegistry-Service/src/github.com/theupdateframework/notary/vendor/golang.org/x/sys/plan9/mkerrors.sh,[48],gcc,gcc,check versioning
/home/julia/Mariner-Migration-Project/DevServices-ContainerRegistry-Service/src/github.com/theupdateframework/notary/vendor/golang.org/x/sys/plan9/mkall.sh,[48],gcc,gcc,check versioning
/home/julia/Mariner-Migration-Project/DevServices-ContainerRegistry-Service/src/github.com/theupdateframework/notary/client/tufclient.go,[219],tree,tree,check versioning
/home/julia/Mariner-Migration-Project/DevServices-ContainerRegistry-Service/src/github.com/theupdateframework/notary/client/client.go,[692],tree,tree,check versioning
/home/julia/Mariner-Migration-Project/DevServices-ContainerRegistry-Service/src/github.com/theupdateframework/notary/server.acr.Dockerfile,"[3, 17]",gcc,gcc,check versioning
/home/julia/Mariner-Migration-Project/DevServices-ContainerRegistry-Service/src/github.com/theupdateframework/notary/signer.Dockerfile,"[3, 25]",gcc,gcc,check versioning
/home/julia/Mariner-Migration-Project/DevServices-ContainerRegistry-Service/src/tokenservice/ACR.TokenService/Controllers/TokenServiceController.cs,[352],containerd,moby-containerd, 
/home/julia/Mariner-Migration-Project/DevServices-ContainerRegistry-Service/src/tokenservice/ACR.TokenService/Controllers/TokenServiceController.cs,[1200],nginx,nginx,check versioning
/home/julia/Mariner-Migration-Project/DevServices-ContainerRegistry-Service/src/deployment-ame/EV2Deployment-Automation/EV2Deployment-SubscriptionCreation/Templates/RedisDeployment.json,[89],collectd,collectd,check versioning
/home/julia/Mariner-Migration-Project/DevServices-ContainerRegistry-Service/src/deployment-ame/EV2Deployment-Automation/EV2Deployment-SubscriptionCreation/Templates/RegistryDeployment.json,[418],collectd,collectd,check versioning
/home/julia/Mariner-Migration-Project/DevServices-ContainerRegistry-Service/src/deployment-ame/EV2Deployment-Automation/EV2Deployment-SubscriptionCreation/Templates/RegistryDeployment.json,[159],nginx,nginx,check versioning
/home/julia/Mariner-Migration-Project/DevServices-ContainerRegistry-Service/src/deployment-ame/Scripts/Bash/regional-cert-deployment.sh,"[48, 200, 226, 229, 243, 262, 268, 270, 277, 278, 279, 280, 281, 282, 284, 293]",jq,jq,check versioning
/home/julia/Mariner-Migration-Project/DevServices-ContainerRegistry-Service/src/deployment-ame/Scripts/Bash/rp-ssl-cert-validation.sh,"[6, 13, 14, 21, 46]",jq,jq,check versioning
/home/julia/Mariner-Migration-Project/DevServices-ContainerRegistry-Service/src/deployment-ame/Scripts/operations/deploymentpack/install-azsecpack.sh,[31],azsec-clamav,azsec-clamav,from yumrepos/azurecore; check versioning
/home/julia/Mariner-Migration-Project/DevServices-ContainerRegistry-Service/src/deployment-ame/Scripts/operations/deploymentpack/install-azsecpack.sh,[31],azsec-monitor,azsec-monitor,from yumrepos/azurecore; check versioning
/home/julia/Mariner-Migration-Project/DevServices-ContainerRegistry-Service/src/deployment-ame/Scripts/operations/deploymentpack/install-azsecpack.sh,[31],azure-mdsd,azure-mdsd,from yumrepos/azurecore; check versioning
/home/julia/Mariner-Migration-Project/DevServices-ContainerRegistry-Service/src/deployment-ame/Scripts/operations/deploymentpack/install-azsecpack.sh,[31],azure-security,azure-security,from yumrepos/azurecore; check versioning
/home/julia/Mariner-Migration-Project/DevServices-ContainerRegistry-Service/src/deployment-ame/Scripts/operations/deploymentpack/install-azsecpack.sh,"[150, 151]",clamav,clamav,check versioning
/home/julia/Mariner-Migration-Project/DevServices-ContainerRegistry-Service/src/deployment-ame/Scripts/operations/deploymentpack/install-azsecpack.sh,[8],jq,jq,check versioning
/home/julia/Mariner-Migration-Project/DevServices-ContainerRegistry-Service/src/deployment-ame/CommonResources/HelmCharts/monitoring/charts/prometheus/values.yaml,"[115, 710, 1013]",nginx,nginx,check versioning
/home/julia/Mariner-Migration-Project/DevServices-ContainerRegistry-Service/src/deployment-ame/CommonResources/HelmCharts/geneva/conf/fluentd-conf/systemd.conf,"[4, 22, 40, 58, 76, 94, 112, 130, 148, 166]",systemd,systemd,systemd-devel; check versioning
/home/julia/Mariner-Migration-Project/DevServices-ContainerRegistry-Service/src/deployment-ame/BuildTimeScripts/acr-resources.json,"[1596, 2213]",nginx,nginx,check versioning
/home/julia/Mariner-Migration-Project/DevServices-ContainerRegistry-Service/src/deployment-ame/BuildTimeScripts/PostBuildResourceReplacement.ps1,"[46, 55]",unzip,unzip,check versioning
/home/julia/Mariner-Migration-Project/DevServices-ContainerRegistry-Service/src/deployment-ame/BuildTimeScripts/PostBuildResourceReplacement.ps1,"[67, 101]",zip,zip,check versioning 
/home/julia/Mariner-Migration-Project/DevServices-ContainerRegistry-Service/src/deployment-ame/BuildTimeScripts/PortalPostBuildResourceReplacement.ps1,"[42, 46, 83]",zip,zip,check versioning 
/home/julia/Mariner-Migration-Project/DevServices-ContainerRegistry-Service/src/deployment-ame/EV2Deployment-Registry/Templates/RegistryDeployment.json,[432],collectd,collectd,check versioning
/home/julia/Mariner-Migration-Project/DevServices-ContainerRegistry-Service/src/deployment-ame/EV2Deployment-Registry/Templates/RegistryDeployment.json,[174],nginx,nginx,check versioning
/home/julia/Mariner-Migration-Project/DevServices-ContainerRegistry-Service/src/deployment-ame/EV2Deployment-Registry/Templates/RegistryDeployment.NoAutoScale.json,[432],collectd,collectd,check versioning
/home/julia/Mariner-Migration-Project/DevServices-ContainerRegistry-Service/src/deployment-ame/EV2Deployment-Registry/Templates/RegistryDeployment.NoAutoScale.json,[174],nginx,nginx,check versioning
/home/julia/Mariner-Migration-Project/DevServices-ContainerRegistry-Service/src/deployment-ame/EV2Deployment-OSSRegistry/Templates/OSSRegistryDeployment.json,[117],nginx,nginx,check versioning
/home/julia/Mariner-Migration-Project/DevServices-ContainerRegistry-Service/src/deployment-ame/EV2Deployment-SF/EV2Deployment-SF.proj,"[97, 97]",zip,zip,check versioning 
/home/julia/Mariner-Migration-Project/DevServices-ContainerRegistry-Service/src/deployment-ame/K8Deployment-Registry/HelmCharts/redis/values.yaml,"[17, 26]",tree,tree,check versioning
/home/julia/Mariner-Migration-Project/DevServices-ContainerRegistry-Service/src/deployment-ame/EV2Deployment-Redis/Templates/RedisDeployment.json,[86],collectd,collectd,check versioning
/home/julia/Mariner-Migration-Project/DevServices-ContainerRegistry-Service/src/ibiza/KraterExtension/Definitions/redux.d.ts,"[275, 300, 302, 308, 309, 384, 391]",tree,tree,check versioning
/home/julia/Mariner-Migration-Project/DevServices-ContainerRegistry-Service/src/ibiza/KraterExtension/Definitions/Fx.d.ts,"[27269, 27282, 27316, 27327, 27328, 27337, 27339, 27383, 27446, 27458, 27488, 27498, 33261]",tree,tree,check versioning
/home/julia/Mariner-Migration-Project/DevServices-ContainerRegistry-Service/src/ibiza/KraterExtension/Definitions/MsPortalFx.d.ts,"[4628, 29330, 29339, 29372, 29505, 29549, 29556, 29569, 29606, 29622, 29646, 39334, 39358, 39360, 39365, 39366]",tree,tree,check versioning
/home/julia/Mariner-Migration-Project/DevServices-ContainerRegistry-Service/src/tools/debug-util/registry/public.sh,"[18, 25]",jq,jq,check versioning
/home/julia/Mariner-Migration-Project/DevServices-ContainerRegistry-Service/src/tools/debug-util/registry/token.sh,"[18, 22]",jq,jq,check versioning
/home/julia/Mariner-Migration-Project/DevServices-ContainerRegistry-Service/src/tools/debug-util/registry/mcr.sh,[12],jq,jq,check versioning
/home/julia/Mariner-Migration-Project/DevServices-ContainerRegistry-Service/src/tools/debug-util/registry/query.sh,[8],jq,jq,check versioning
/home/julia/Mariner-Migration-Project/DevServices-ContainerRegistry-Service/src/tools/debug-util/helm/PruneChart.sh,[7],jq,jq,check versioning
/home/julia/Mariner-Migration-Project/DevServices-ContainerRegistry-Service/src/tools/debug-util/helm/UpdateChart.sh,[8],jq,jq,check versioning
/home/julia/Mariner-Migration-Project/DevServices-ContainerRegistry-Service/src/tools/debug-util/helm/ListCharts.sh,[8],jq,jq,check versioning
/home/julia/Mariner-Migration-Project/DevServices-ContainerRegistry-Service/src/tools/debug-util/helm/DeleteProv.sh,[13],jq,jq,check versioning
/home/julia/Mariner-Migration-Project/DevServices-ContainerRegistry-Service/src/tools/debug-util/helm/token.sh,[14],jq,jq,check versioning
/home/julia/Mariner-Migration-Project/DevServices-ContainerRegistry-Service/src/tools/debug-util/helm/PushChart.sh,[8],jq,jq,check versioning
/home/julia/Mariner-Migration-Project/DevServices-ContainerRegistry-Service/src/tools/debug-util/helm/DeleteChart.sh,[21],jq,jq,check versioning
/home/julia/Mariner-Migration-Project/DevServices-ContainerRegistry-Service/src/tools/debug-util/helm/query.sh,[8],jq,jq,check versioning
/home/julia/Mariner-Migration-Project/DevServices-ContainerRegistry-Service/src/tools/debug-util/helm/PushProv.sh,[8],jq,jq,check versioning
/home/julia/Mariner-Migration-Project/DevServices-ContainerRegistry-Service/src/tools/debug-util/common/common.sh,[10],jq,jq,check versioning
/home/julia/Mariner-Migration-Project/DevServices-ContainerRegistry-Service/src/tools/debug-util/token/cert.sh,[29],jq,jq,check versioning
/home/julia/Mariner-Migration-Project/DevServices-ContainerRegistry-Service/src/tools/debug-util/token/delegate.sh,[29],jq,jq,check versioning
/home/julia/Mariner-Migration-Project/DevServices-ContainerRegistry-Service/src/tools/debug-util/token/query.sh,[28],jq,jq,check versioning
/home/julia/Mariner-Migration-Project/DevServices-ContainerRegistry-Service/src/tools/RegistryStressClient/scripts/registry/config.yaml,[17],azure-cli, , 
/home/julia/Mariner-Migration-Project/DevServices-ContainerRegistry-Service/src/tools/RegistryStressClient/scripts/cleanup/Dockerfile,[2],jq,jq,check versioning
/home/julia/Mariner-Migration-Project/DevServices-ContainerRegistry-Service/src/tools/RegistryStressClient/scripts/cleanup/cleanup.sh,"[12, 16]",jq,jq,check versioning
/home/julia/Mariner-Migration-Project/DevServices-ContainerRegistry-Service/src/azurecr.io/vaultservice/vendor/github.com/spf13/afero/path.go,[89],tree,tree,check versioning
/home/julia/Mariner-Migration-Project/DevServices-ContainerRegistry-Service/src/azurecr.io/vaultservice/vendor/github.com/spf13/afero/README.md,[251],tree,tree,check versioning
/home/julia/Mariner-Migration-Project/DevServices-ContainerRegistry-Service/src/azurecr.io/vaultservice/vendor/github.com/spf13/cobra/command.go,"[591, 653, 861, 1514, 1538]",tree,tree,check versioning
/home/julia/Mariner-Migration-Project/DevServices-ContainerRegistry-Service/src/azurecr.io/vaultservice/vendor/github.com/spf13/viper/viper.go,[718],tree,tree,check versioning
/home/julia/Mariner-Migration-Project/DevServices-ContainerRegistry-Service/src/azurecr.io/vaultservice/vendor/github.com/hashicorp/hcl/README.md,[16],nginx,nginx,check versioning
/home/julia/Mariner-Migration-Project/DevServices-ContainerRegistry-Service/src/azurecr.io/vaultservice/vendor/github.com/pelletier/go-toml/toml.go,"[63, 78, 86, 87, 128, 129, 299, 302, 311, 313, 314, 340]",tree,tree,check versioning
/home/julia/Mariner-Migration-Project/DevServices-ContainerRegistry-Service/src/azurecr.io/vaultservice/vendor/github.com/pelletier/go-toml/doc.go,[11],tree,tree,check versioning
/home/julia/Mariner-Migration-Project/DevServices-ContainerRegistry-Service/src/azurecr.io/vaultservice/vendor/github.com/pelletier/go-toml/tomltree_write.go,[304],tree,tree,check versioning
/home/julia/Mariner-Migration-Project/DevServices-ContainerRegistry-Service/src/azurecr.io/vaultservice/vendor/github.com/pelletier/go-toml/fuzz.go,"[8, 24]",tree,tree,check versioning
/home/julia/Mariner-Migration-Project/DevServices-ContainerRegistry-Service/src/azurecr.io/vaultservice/vendor/github.com/pelletier/go-toml/parser.go,"[19, 110, 329, 365]",tree,tree,check versioning
/home/julia/Mariner-Migration-Project/DevServices-ContainerRegistry-Service/src/azurecr.io/vaultservice/vendor/github.com/pelletier/go-toml/marshal.go,"[220, 402]",tree,tree,check versioning
/home/julia/Mariner-Migration-Project/DevServices-ContainerRegistry-Service/src/azurecr.io/vaultservice/vendor/github.com/pelletier/go-toml/README.md,[72],tree,tree,check versioning
/home/julia/Mariner-Migration-Project/DevServices-ContainerRegistry-Service/src/azurecr.io/vaultservice/vendor/gopkg.in/yaml.v2/decode.go,[35],tree,tree,check versioning
/home/julia/Mariner-Migration-Project/DevServices-ContainerRegistry-Service/src/azurecr.io/vaultservice/vendor/google.golang.org/grpc/vet.sh,[57],unzip,unzip,check versioning
/home/julia/Mariner-Migration-Project/DevServices-ContainerRegistry-Service/src/azurecr.io/vaultservice/vendor/google.golang.org/grpc/install_gae.sh,[5],unzip,unzip,check versioning
/home/julia/Mariner-Migration-Project/DevServices-ContainerRegistry-Service/src/azurecr.io/vaultservice/vendor/golang.org/x/sys/unix/mkerrors.sh,[388],gcc,gcc,check versioning
/home/julia/Mariner-Migration-Project/DevServices-ContainerRegistry-Service/src/azurecr.io/vaultservice/vendor/golang.org/x/net/http2/Dockerfile,"[18, 22, 35]",autoconf,autoconf,check versioning
/home/julia/Mariner-Migration-Project/DevServices-ContainerRegistry-Service/src/azurecr.io/vaultservice/vendor/golang.org/x/net/http2/Dockerfile,[21],binutils,binutils,check versioning
/home/julia/Mariner-Migration-Project/DevServices-ContainerRegistry-Service/src/azurecr.io/vaultservice/vendor/golang.org/x/net/http2/Dockerfile,"[17, 23]",libssl-dev,openssl,openssl-devel
/home/julia/Mariner-Migration-Project/DevServices-ContainerRegistry-Service/src/azurecr.io/vaultservice/vendor/golang.org/x/net/http2/writesched_priority.go,"[97, 151, 233, 240, 338]",tree,tree,check versioning
/home/julia/Mariner-Migration-Project/DevServices-ContainerRegistry-Service/src/azurecr.io/healthmonitor/scripts/checkbasicdockeroperation.sh,"[36, 70, 93]",jq,jq,check versioning
/home/julia/Mariner-Migration-Project/DevServices-ContainerRegistry-Service/src/azurecr.io/healthmonitor/vendor/github.com/spf13/afero/path.go,[89],tree,tree,check versioning
/home/julia/Mariner-Migration-Project/DevServices-ContainerRegistry-Service/src/azurecr.io/healthmonitor/vendor/github.com/spf13/afero/README.md,[251],tree,tree,check versioning
/home/julia/Mariner-Migration-Project/DevServices-ContainerRegistry-Service/src/azurecr.io/healthmonitor/vendor/github.com/spf13/cobra/command.go,"[527, 589, 797, 1435, 1459]",tree,tree,check versioning
/home/julia/Mariner-Migration-Project/DevServices-ContainerRegistry-Service/src/azurecr.io/healthmonitor/vendor/github.com/spf13/viper/viper.go,[706],tree,tree,check versioning
/home/julia/Mariner-Migration-Project/DevServices-ContainerRegistry-Service/src/azurecr.io/healthmonitor/vendor/github.com/hashicorp/hcl/README.md,[16],nginx,nginx,check versioning
/home/julia/Mariner-Migration-Project/DevServices-ContainerRegistry-Service/src/azurecr.io/healthmonitor/vendor/github.com/pelletier/go-toml/toml.go,"[63, 78, 86, 87, 128, 129, 299, 302, 311, 313, 314, 340]",tree,tree,check versioning
/home/julia/Mariner-Migration-Project/DevServices-ContainerRegistry-Service/src/azurecr.io/healthmonitor/vendor/github.com/pelletier/go-toml/doc.go,[11],tree,tree,check versioning
/home/julia/Mariner-Migration-Project/DevServices-ContainerRegistry-Service/src/azurecr.io/healthmonitor/vendor/github.com/pelletier/go-toml/tomltree_write.go,[304],tree,tree,check versioning
/home/julia/Mariner-Migration-Project/DevServices-ContainerRegistry-Service/src/azurecr.io/healthmonitor/vendor/github.com/pelletier/go-toml/fuzz.go,"[8, 24]",tree,tree,check versioning
/home/julia/Mariner-Migration-Project/DevServices-ContainerRegistry-Service/src/azurecr.io/healthmonitor/vendor/github.com/pelletier/go-toml/parser.go,"[19, 110, 329, 365]",tree,tree,check versioning
/home/julia/Mariner-Migration-Project/DevServices-ContainerRegistry-Service/src/azurecr.io/healthmonitor/vendor/github.com/pelletier/go-toml/marshal.go,"[220, 402]",tree,tree,check versioning
/home/julia/Mariner-Migration-Project/DevServices-ContainerRegistry-Service/src/azurecr.io/healthmonitor/vendor/github.com/pelletier/go-toml/README.md,[72],tree,tree,check versioning
/home/julia/Mariner-Migration-Project/DevServices-ContainerRegistry-Service/src/azurecr.io/healthmonitor/vendor/gopkg.in/yaml.v2/decode.go,[35],tree,tree,check versioning
/home/julia/Mariner-Migration-Project/DevServices-ContainerRegistry-Service/src/azurecr.io/healthmonitor/vendor/golang.org/x/sys/unix/mkerrors.sh,[384],gcc,gcc,check versioning
/home/julia/Mariner-Migration-Project/DevServices-ContainerRegistry-Service/src/azurecr.io/hawker/ACR.Hawker.Service/HawkerService.Options.cs,[56],nginx,nginx,check versioning
/home/julia/Mariner-Migration-Project/DevServices-ContainerRegistry-Service/src/ACR.Speculo/ACR.Speculo.Web.Legacy/PyPI/Controllers/PyPIArtifactController.cs,[63],azure-cli, , 
/home/julia/Mariner-Migration-Project/DevServices-ContainerRegistry-Service/.git/hooks/fsmonitor-watchman.sample,[14],tree,tree,check versioning
/home/julia/Mariner-Migration-Project/DevServices-ContainerRegistry-Service/.git/hooks/pre-commit.sample,"[14, 15]",tree,tree,check versioning
