/home/julia/Mariner-Migration-Project/AD-MFA-phonefactor-pop/vendor/qpid/proton-0.5/package_files/proton-c/bindings/ruby/LICENSE,[140],service,systemctl, 
/home/julia/Mariner-Migration-Project/AD-MFA-phonefactor-pop/vendor/qpid/proton-0.5/package_files/proton-c/bindings/perl/LICENSE,[140],service,systemctl, 
/home/julia/Mariner-Migration-Project/AD-MFA-phonefactor-pop/vendor/qpid/proton-0.5/package_files/proton-c/include/proton/ssl.h,[271],service,systemctl, 
/home/julia/Mariner-Migration-Project/AD-MFA-phonefactor-pop/vendor/qpid/proton-0.5/package_files/LICENSE,[140],service,systemctl, 
/home/julia/Mariner-Migration-Project/AD-MFA-phonefactor-pop/vendor/qpid/proton-0.5/package_files/proton-j/proton/src/main/java/org/apache/qpid/proton/messenger/impl/MessengerImpl.java,[902],service,systemctl, 
/home/julia/Mariner-Migration-Project/AD-MFA-phonefactor-pop/vendor/qpid/proton-0.5/package_files/proton-j/proton/LICENSE,[140],service,systemctl, 
/home/julia/Mariner-Migration-Project/AD-MFA-phonefactor-pop/vendor/qpid/proton-0.5/package_files/proton-j/proton-api/src/main/java/org/apache/qpid/proton/ProtonFactoryLoader.java,[107],service,systemctl, 
/home/julia/Mariner-Migration-Project/AD-MFA-phonefactor-pop/vendor/qpid/proton-0.5/package_files/proton-j/proton-api/LICENSE,[140],service,systemctl, 
/home/julia/Mariner-Migration-Project/AD-MFA-phonefactor-pop/vendor/qpid/proton-0.5/include/proton/ssl.h,[271],service,systemctl, 
/home/julia/Mariner-Migration-Project/AD-MFA-phonefactor-pop/vendor/qpid/broker-0.26/python/.svn/text-base/LICENSE.txt.svn-base,[140],service,systemctl, 
/home/julia/Mariner-Migration-Project/AD-MFA-phonefactor-pop/vendor/qpid/broker-0.26/python/qpid/messaging/.svn/text-base/endpoints.py.svn-base,[94],service,systemctl, 
/home/julia/Mariner-Migration-Project/AD-MFA-phonefactor-pop/vendor/qpid/broker-0.26/python/qpid/messaging/endpoints.py,[94],service,systemctl, 
/home/julia/Mariner-Migration-Project/AD-MFA-phonefactor-pop/vendor/qpid/broker-0.26/python/qpid/specs/.svn/text-base/amqp-0-10.dtd.svn-base,"[95, 95]",service,systemctl, 
/home/julia/Mariner-Migration-Project/AD-MFA-phonefactor-pop/vendor/qpid/broker-0.26/python/qpid/specs/amqp-0-10.dtd,"[95, 95]",service,systemctl, 
/home/julia/Mariner-Migration-Project/AD-MFA-phonefactor-pop/vendor/qpid/broker-0.26/python/LICENSE.txt,[140],service,systemctl, 
/home/julia/Mariner-Migration-Project/AD-MFA-phonefactor-pop/vendor/qpid/broker-0.26/qpid-tools/.svn/text-base/LICENSE.txt.svn-base,[140],service,systemctl, 
/home/julia/Mariner-Migration-Project/AD-MFA-phonefactor-pop/vendor/qpid/broker-0.26/qpid-tools/LICENSE.txt,[140],service,systemctl, 
/home/julia/Mariner-Migration-Project/AD-MFA-phonefactor-pop/vendor/qpid/broker-0.26/qpid-tools/src/java/qpid-qmf2/src/main/java/org/apache/qpid/qmf2/agent/.svn/text-base/AgentExternal.java.svn-base,"[41, 142]",service,systemctl, 
/home/julia/Mariner-Migration-Project/AD-MFA-phonefactor-pop/vendor/qpid/broker-0.26/qpid-tools/src/java/qpid-qmf2/src/main/java/org/apache/qpid/qmf2/agent/AgentExternal.java,"[41, 142]",service,systemctl, 
/home/julia/Mariner-Migration-Project/AD-MFA-phonefactor-pop/vendor/qpid/broker-0.26/qpid-tools/src/java/qpid-qmf2-tools/.svn/text-base/LICENSE.svn-base,[140],service,systemctl, 
/home/julia/Mariner-Migration-Project/AD-MFA-phonefactor-pop/vendor/qpid/broker-0.26/qpid-tools/src/java/qpid-qmf2-tools/src/main/java/org/apache/qpid/qmf2/tools/.svn/text-base/QueueFuse.java.svn-base,[60],service,systemctl, 
/home/julia/Mariner-Migration-Project/AD-MFA-phonefactor-pop/vendor/qpid/broker-0.26/qpid-tools/src/java/qpid-qmf2-tools/src/main/java/org/apache/qpid/qmf2/tools/QueueFuse.java,[60],service,systemctl, 
/home/julia/Mariner-Migration-Project/AD-MFA-phonefactor-pop/vendor/qpid/broker-0.26/qpid-tools/src/java/qpid-qmf2-tools/LICENSE,[140],service,systemctl, 
/home/julia/Mariner-Migration-Project/AD-MFA-phonefactor-pop/vendor/qpid/broker-0.26/qpid-tools/src/java/qpid-broker-plugins-management-qmf2/.svn/text-base/LICENSE.svn-base,[140],service,systemctl, 
/home/julia/Mariner-Migration-Project/AD-MFA-phonefactor-pop/vendor/qpid/broker-0.26/qpid-tools/src/java/qpid-broker-plugins-management-qmf2/LICENSE,[140],service,systemctl, 
/home/julia/Mariner-Migration-Project/AD-MFA-phonefactor-pop/vendor/qpid/broker-0.26/cpp/docs/api/doxygen_mainpage.h,[118],service,systemctl, 
/home/julia/Mariner-Migration-Project/AD-MFA-phonefactor-pop/vendor/qpid/broker-0.26/cpp/docs/api/.svn/text-base/doxygen_mainpage.h.svn-base,[118],service,systemctl, 
/home/julia/Mariner-Migration-Project/AD-MFA-phonefactor-pop/vendor/qpid/broker-0.26/cpp/.svn/text-base/LICENSE.svn-base,[143],service,systemctl, 
/home/julia/Mariner-Migration-Project/AD-MFA-phonefactor-pop/vendor/qpid/broker-0.26/cpp/bindings/qpid/ruby/.svn/text-base/LICENSE.svn-base,[139],service,systemctl, 
/home/julia/Mariner-Migration-Project/AD-MFA-phonefactor-pop/vendor/qpid/broker-0.26/cpp/bindings/qpid/ruby/LICENSE,[139],service,systemctl, 
/home/julia/Mariner-Migration-Project/AD-MFA-phonefactor-pop/vendor/qpid/broker-0.26/cpp/bindings/qpid/perl/.svn/text-base/LICENSE.svn-base,[143],service,systemctl, 
/home/julia/Mariner-Migration-Project/AD-MFA-phonefactor-pop/vendor/qpid/broker-0.26/cpp/bindings/qpid/perl/LICENSE,[143],service,systemctl, 
/home/julia/Mariner-Migration-Project/AD-MFA-phonefactor-pop/vendor/qpid/broker-0.26/cpp/bindings/qpid/python/.svn/text-base/LICENSE.svn-base,[143],service,systemctl, 
/home/julia/Mariner-Migration-Project/AD-MFA-phonefactor-pop/vendor/qpid/broker-0.26/cpp/bindings/qpid/python/LICENSE,[143],service,systemctl, 
/home/julia/Mariner-Migration-Project/AD-MFA-phonefactor-pop/vendor/qpid/broker-0.26/cpp/bindings/qmf2/examples/cpp/README.txt,[10],service,systemctl, 
/home/julia/Mariner-Migration-Project/AD-MFA-phonefactor-pop/vendor/qpid/broker-0.26/cpp/bindings/qmf2/examples/cpp/.svn/text-base/README.txt.svn-base,[10],service,systemctl, 
/home/julia/Mariner-Migration-Project/AD-MFA-phonefactor-pop/vendor/qpid/broker-0.26/cpp/etc/.svn/text-base/qpidd-primary.in.svn-base,"[69, 76, 85]",service,systemctl, 
/home/julia/Mariner-Migration-Project/AD-MFA-phonefactor-pop/vendor/qpid/broker-0.26/cpp/etc/.svn/text-base/cluster.conf-example.xml.in.svn-base,"[41, 69]",service,systemctl, 
/home/julia/Mariner-Migration-Project/AD-MFA-phonefactor-pop/vendor/qpid/broker-0.26/cpp/etc/cluster.conf-example.xml.in,"[41, 69]",service,systemctl, 
/home/julia/Mariner-Migration-Project/AD-MFA-phonefactor-pop/vendor/qpid/broker-0.26/cpp/etc/selinux/qpidd.te,[20],service,systemctl, 
/home/julia/Mariner-Migration-Project/AD-MFA-phonefactor-pop/vendor/qpid/broker-0.26/cpp/etc/selinux/.svn/text-base/qpidd.te.svn-base,[20],service,systemctl, 
/home/julia/Mariner-Migration-Project/AD-MFA-phonefactor-pop/vendor/qpid/broker-0.26/cpp/etc/qpidd-primary.in,"[69, 76, 85]",service,systemctl, 
/home/julia/Mariner-Migration-Project/AD-MFA-phonefactor-pop/vendor/qpid/broker-0.26/cpp/design_docs/new-ha-design.txt,"[164, 171, 171, 181]",service,systemctl, 
/home/julia/Mariner-Migration-Project/AD-MFA-phonefactor-pop/vendor/qpid/broker-0.26/cpp/design_docs/.svn/text-base/new-ha-design.txt.svn-base,"[164, 171, 171, 181]",service,systemctl, 
/home/julia/Mariner-Migration-Project/AD-MFA-phonefactor-pop/vendor/qpid/broker-0.26/cpp/include/qpid/messaging/.svn/text-base/Connection.h.svn-base,[67],service,systemctl, 
/home/julia/Mariner-Migration-Project/AD-MFA-phonefactor-pop/vendor/qpid/broker-0.26/cpp/include/qpid/messaging/Connection.h,[67],service,systemctl, 
/home/julia/Mariner-Migration-Project/AD-MFA-phonefactor-pop/vendor/qpid/broker-0.26/cpp/src/qpid/.svn/text-base/SaslFactory.cpp.svn-base,[92],service,systemctl, 
/home/julia/Mariner-Migration-Project/AD-MFA-phonefactor-pop/vendor/qpid/broker-0.26/cpp/src/qpid/client/ConnectionSettings.h,[113],service,systemctl, 
/home/julia/Mariner-Migration-Project/AD-MFA-phonefactor-pop/vendor/qpid/broker-0.26/cpp/src/qpid/client/.svn/text-base/ConnectionSettings.h.svn-base,[113],service,systemctl, 
/home/julia/Mariner-Migration-Project/AD-MFA-phonefactor-pop/vendor/qpid/broker-0.26/cpp/src/qpid/client/windows/.svn/text-base/SaslFactory.cpp.svn-base,[44],service,systemctl, 
/home/julia/Mariner-Migration-Project/AD-MFA-phonefactor-pop/vendor/qpid/broker-0.26/cpp/src/qpid/client/windows/SaslFactory.cpp,[44],service,systemctl, 
/home/julia/Mariner-Migration-Project/AD-MFA-phonefactor-pop/vendor/qpid/broker-0.26/cpp/src/qpid/management/ConnectionSettings.h,[100],service,systemctl, 
/home/julia/Mariner-Migration-Project/AD-MFA-phonefactor-pop/vendor/qpid/broker-0.26/cpp/src/qpid/management/.svn/text-base/ConnectionSettings.h.svn-base,[100],service,systemctl, 
/home/julia/Mariner-Migration-Project/AD-MFA-phonefactor-pop/vendor/qpid/broker-0.26/cpp/src/qpid/messaging/.svn/text-base/ConnectionOptions.cpp.svn-base,[93],service,systemctl, 
/home/julia/Mariner-Migration-Project/AD-MFA-phonefactor-pop/vendor/qpid/broker-0.26/cpp/src/qpid/messaging/ConnectionOptions.cpp,[93],service,systemctl, 
/home/julia/Mariner-Migration-Project/AD-MFA-phonefactor-pop/vendor/qpid/broker-0.26/cpp/src/qpid/sys/posix/.svn/text-base/SocketAddress.cpp.svn-base,[133],service,systemctl, 
/home/julia/Mariner-Migration-Project/AD-MFA-phonefactor-pop/vendor/qpid/broker-0.26/cpp/src/qpid/sys/posix/SocketAddress.cpp,[133],service,systemctl, 
/home/julia/Mariner-Migration-Project/AD-MFA-phonefactor-pop/vendor/qpid/broker-0.26/cpp/src/qpid/sys/windows/.svn/text-base/SocketAddress.cpp.svn-base,[136],service,systemctl, 
/home/julia/Mariner-Migration-Project/AD-MFA-phonefactor-pop/vendor/qpid/broker-0.26/cpp/src/qpid/sys/windows/SocketAddress.cpp,[136],service,systemctl, 
/home/julia/Mariner-Migration-Project/AD-MFA-phonefactor-pop/vendor/qpid/broker-0.26/cpp/src/qpid/broker/.svn/text-base/SaslAuthenticator.cpp.svn-base,[257],service,systemctl, 
/home/julia/Mariner-Migration-Project/AD-MFA-phonefactor-pop/vendor/qpid/broker-0.26/cpp/src/qpid/broker/SaslAuthenticator.cpp,[257],service,systemctl, 
/home/julia/Mariner-Migration-Project/AD-MFA-phonefactor-pop/vendor/qpid/broker-0.26/cpp/src/qpid/SaslFactory.cpp,[92],service,systemctl, 
/home/julia/Mariner-Migration-Project/AD-MFA-phonefactor-pop/vendor/qpid/broker-0.26/cpp/src/windows/QpiddBroker.cpp,"[39, 245, 247, 330, 394, 397, 460, 494]",service,systemctl, 
/home/julia/Mariner-Migration-Project/AD-MFA-phonefactor-pop/vendor/qpid/broker-0.26/cpp/src/windows/.svn/text-base/SCM.cpp.svn-base,"[64, 74, 117, 120, 123, 166, 169, 176, 178, 202, 210, 222, 248, 259, 272, 293]",service,systemctl, 
/home/julia/Mariner-Migration-Project/AD-MFA-phonefactor-pop/vendor/qpid/broker-0.26/cpp/src/windows/.svn/text-base/QpiddBroker.cpp.svn-base,"[39, 245, 247, 330, 394, 397, 460, 494]",service,systemctl, 
/home/julia/Mariner-Migration-Project/AD-MFA-phonefactor-pop/vendor/qpid/broker-0.26/cpp/src/windows/.svn/text-base/SCM.h.svn-base,"[54, 56, 58, 62, 64, 77, 79, 84, 86, 91, 93]",service,systemctl, 
/home/julia/Mariner-Migration-Project/AD-MFA-phonefactor-pop/vendor/qpid/broker-0.26/cpp/src/windows/SCM.h,"[54, 56, 58, 62, 64, 77, 79, 84, 86, 91, 93]",service,systemctl, 
/home/julia/Mariner-Migration-Project/AD-MFA-phonefactor-pop/vendor/qpid/broker-0.26/cpp/src/windows/SCM.cpp,"[64, 74, 117, 120, 123, 166, 169, 176, 178, 202, 210, 222, 248, 259, 272, 293]",service,systemctl, 
/home/julia/Mariner-Migration-Project/AD-MFA-phonefactor-pop/vendor/qpid/broker-0.26/cpp/src/tests/.svn/text-base/ConnectionOptions.h.svn-base,[54],service,systemctl, 
/home/julia/Mariner-Migration-Project/AD-MFA-phonefactor-pop/vendor/qpid/broker-0.26/cpp/src/tests/ConnectionOptions.h,[54],service,systemctl, 
/home/julia/Mariner-Migration-Project/AD-MFA-phonefactor-pop/vendor/qpid/broker-0.26/cpp/LICENSE,[143],service,systemctl, 
/home/julia/Mariner-Migration-Project/AD-MFA-phonefactor-pop/vendor/qpid/broker-0.26/cpp/examples/README.txt,[210],service,systemctl, 
/home/julia/Mariner-Migration-Project/AD-MFA-phonefactor-pop/vendor/qpid/broker-0.26/cpp/examples/.svn/text-base/README.txt.svn-base,[210],service,systemctl, 
/home/julia/Mariner-Migration-Project/AD-MFA-phonefactor-pop/vendor/qpid/broker-0.26/README,"[4, 5, 6, 7, 8, 9, 10]",apt-get,dnf,see documentation for apt-get
/home/julia/Mariner-Migration-Project/AD-MFA-phonefactor-pop/vendor/dce/include/dce/rpc.idl,"[954, 968, 984, 995, 1038, 1051, 1064, 1075, 1091, 1091, 1103, 1117, 1118, 1132, 1133, 1144, 1145, 1157, 1193, 1205, 1217, 1230, 1241, 1252, 1269]",service,systemctl, 
/home/julia/Mariner-Migration-Project/AD-MFA-phonefactor-pop/vendor/dce/include/dce/rpcpvt.idl,[328],service,systemctl, 
/home/julia/Mariner-Migration-Project/AD-MFA-phonefactor-pop/vendor/dce/include/dce/rpcbase.idl,"[227, 229, 233, 244, 253, 259, 281, 315, 343]",service,systemctl, 
/home/julia/Mariner-Migration-Project/AD-MFA-phonefactor-pop/install-deps.sh,"[36, 37, 43, 52]",apt-get,dnf,see documentation for apt-get
/home/julia/Mariner-Migration-Project/AD-MFA-phonefactor-pop/install-deps.sh,[40],dpkg,rpm, 
/home/julia/Mariner-Migration-Project/AD-MFA-phonefactor-pop/src/pop/pfsdk/ruby/README,[62],apt-get,dnf,see documentation for apt-get
/home/julia/Mariner-Migration-Project/AD-MFA-phonefactor-pop/src/pop/pfsdk/perl/release_notes.txt,[14],service,systemctl, 
/home/julia/Mariner-Migration-Project/AD-MFA-phonefactor-pop/src/pop/pfsdk/perl/README,[57],apt-get,dnf,see documentation for apt-get
/home/julia/Mariner-Migration-Project/AD-MFA-phonefactor-pop/src/pop/pfsdk/php/README,[59],apt-get,dnf,see documentation for apt-get
/home/julia/Mariner-Migration-Project/AD-MFA-phonefactor-pop/src/pop/pfsdk/java/release_notes.txt,[24],service,systemctl, 
/home/julia/Mariner-Migration-Project/AD-MFA-phonefactor-pop/src/pop/ops/pop/monitor/nagios/OpenSource/check_postgres/check_postgres_2.19.0/check_postgres.pl,"[68, 71, 1181, 2517, 2557, 7851, 7876, 10134, 10141]",service,systemctl, 
/home/julia/Mariner-Migration-Project/AD-MFA-phonefactor-pop/src/pop/ops/pop/utilities/ansible_ops/backup_ops.sh,[7],apt,dnf,tndf/yum
/home/julia/Mariner-Migration-Project/AD-MFA-phonefactor-pop/src/pop/ops/pop/utilities/ansible_ops/backup_apt.sh,[4],apt,dnf,tndf/yum
/home/julia/Mariner-Migration-Project/AD-MFA-phonefactor-pop/src/pop/ops/pop/ansible/crdbs.yml,"[15, 20, 27, 35, 42, 99, 107, 162, 169]",apt,dnf,tndf/yum
/home/julia/Mariner-Migration-Project/AD-MFA-phonefactor-pop/src/pop/ops/pop/ansible/crdb_call_routers.yml,"[15, 20, 27, 35, 42, 99, 107, 162, 175, 189, 209]",apt,dnf,tndf/yum
/home/julia/Mariner-Migration-Project/AD-MFA-phonefactor-pop/src/pop/ops/pop/ansible/postgres_upgrade.txt,"[30, 30, 41, 53]",apt,dnf,tndf/yum
/home/julia/Mariner-Migration-Project/AD-MFA-phonefactor-pop/src/pop/ops/pop/ansible/group_vars/ppe_cmdbs.yml,[22],apt,dnf,tndf/yum
/home/julia/Mariner-Migration-Project/AD-MFA-phonefactor-pop/src/pop/ops/pop/ansible/group_vars/ppe_cmdbs.yml,"[59, 61]",service,systemctl, 
/home/julia/Mariner-Migration-Project/AD-MFA-phonefactor-pop/src/pop/ops/pop/ansible/group_vars/dev_crdbs.yml,[23],apt,dnf,tndf/yum
/home/julia/Mariner-Migration-Project/AD-MFA-phonefactor-pop/src/pop/ops/pop/ansible/group_vars/ppe.yml,[12],apt,dnf,tndf/yum
/home/julia/Mariner-Migration-Project/AD-MFA-phonefactor-pop/src/pop/ops/pop/ansible/group_vars/dev.yml,[9],apt,dnf,tndf/yum
/home/julia/Mariner-Migration-Project/AD-MFA-phonefactor-pop/src/pop/ops/pop/ansible/group_vars/stage.yml,[9],apt,dnf,tndf/yum
/home/julia/Mariner-Migration-Project/AD-MFA-phonefactor-pop/src/pop/ops/pop/ansible/group_vars/ppe_crdbs.yml,[17],apt,dnf,tndf/yum
/home/julia/Mariner-Migration-Project/AD-MFA-phonefactor-pop/src/pop/ops/pop/ansible/group_vars/ppe_crdbs.yml,"[50, 52]",service,systemctl, 
/home/julia/Mariner-Migration-Project/AD-MFA-phonefactor-pop/src/pop/ops/pop/ansible/group_vars/dev_regression_testers.yml,[3],apt,dnf,tndf/yum
/home/julia/Mariner-Migration-Project/AD-MFA-phonefactor-pop/src/pop/ops/pop/ansible/group_vars/stage_cmdbs.yml,[22],apt,dnf,tndf/yum
/home/julia/Mariner-Migration-Project/AD-MFA-phonefactor-pop/src/pop/ops/pop/ansible/group_vars/stage_cmdbs.yml,"[59, 61]",service,systemctl, 
/home/julia/Mariner-Migration-Project/AD-MFA-phonefactor-pop/src/pop/ops/pop/ansible/group_vars/prod_cmdbs.yml,[21],apt,dnf,tndf/yum
/home/julia/Mariner-Migration-Project/AD-MFA-phonefactor-pop/src/pop/ops/pop/ansible/group_vars/prod_cmdbs.yml,"[58, 60]",service,systemctl, 
/home/julia/Mariner-Migration-Project/AD-MFA-phonefactor-pop/src/pop/ops/pop/ansible/group_vars/prod_crdbs.yml,[19],apt,dnf,tndf/yum
/home/julia/Mariner-Migration-Project/AD-MFA-phonefactor-pop/src/pop/ops/pop/ansible/group_vars/prod_crdbs.yml,"[53, 55]",service,systemctl, 
/home/julia/Mariner-Migration-Project/AD-MFA-phonefactor-pop/src/pop/ops/pop/ansible/group_vars/dev_cmdbs.yml,[14],apt,dnf,tndf/yum
/home/julia/Mariner-Migration-Project/AD-MFA-phonefactor-pop/src/pop/ops/pop/ansible/group_vars/dev_cmdbs.yml,"[58, 60]",service,systemctl, 
/home/julia/Mariner-Migration-Project/AD-MFA-phonefactor-pop/src/pop/ops/pop/ansible/group_vars/stage_crdbs.yml,[17],apt,dnf,tndf/yum
/home/julia/Mariner-Migration-Project/AD-MFA-phonefactor-pop/src/pop/ops/pop/ansible/group_vars/stage_crdbs.yml,"[50, 52]",service,systemctl, 
/home/julia/Mariner-Migration-Project/AD-MFA-phonefactor-pop/src/pop/ops/pop/ansible/call_routers.yml,"[12, 26, 46]",apt,dnf,tndf/yum
/home/julia/Mariner-Migration-Project/AD-MFA-phonefactor-pop/src/pop/ops/pop/ansible/postgres_install.yml,[7],apt,dnf,tndf/yum
/home/julia/Mariner-Migration-Project/AD-MFA-phonefactor-pop/src/pop/ops/pop/ansible/roles/wsvc/tasks/main.yml,"[123, 125]",service,systemctl, 
/home/julia/Mariner-Migration-Project/AD-MFA-phonefactor-pop/src/pop/ops/pop/ansible/roles/call_router/tasks/main.yml,"[3, 84, 86]",apt,dnf,tndf/yum
/home/julia/Mariner-Migration-Project/AD-MFA-phonefactor-pop/src/pop/ops/pop/ansible/roles/call_router/tasks/main.yml,"[139, 141]",service,systemctl, 
/home/julia/Mariner-Migration-Project/AD-MFA-phonefactor-pop/src/pop/ops/pop/ansible/roles/cloud_node/tasks/main.yml,[3],apt,dnf,tndf/yum
/home/julia/Mariner-Migration-Project/AD-MFA-phonefactor-pop/src/pop/ops/pop/ansible/roles/db_common/tasks/main.yml,"[65, 67]",apt,dnf,tndf/yum
/home/julia/Mariner-Migration-Project/AD-MFA-phonefactor-pop/src/pop/ops/pop/ansible/roles/collectd/tasks/main.yml,[3],apt,dnf,tndf/yum
/home/julia/Mariner-Migration-Project/AD-MFA-phonefactor-pop/src/pop/ops/pop/ansible/roles/call_gateway/files/start_asterisk,[1],service,systemctl, 
/home/julia/Mariner-Migration-Project/AD-MFA-phonefactor-pop/src/pop/ops/pop/ansible/roles/call_gateway/files/chan_dahdi.conf,"[88, 258, 262]",service,systemctl, 
/home/julia/Mariner-Migration-Project/AD-MFA-phonefactor-pop/src/pop/ops/pop/ansible/roles/call_gateway/templates/sip.conf.j2,"[773, 1171]",service,systemctl, 
/home/julia/Mariner-Migration-Project/AD-MFA-phonefactor-pop/src/pop/ops/pop/ansible/roles/regression_tester/tasks/main.yml,"[3, 5]",apt,dnf,tndf/yum
/home/julia/Mariner-Migration-Project/AD-MFA-phonefactor-pop/src/pop/ops/pop/ansible/roles/cmdb/files/inetd.conf,[30],service,systemctl, 
/home/julia/Mariner-Migration-Project/AD-MFA-phonefactor-pop/src/pop/ops/pop/ansible/roles/deployment_servers/tasks/main.yml,"[16, 47, 50, 53, 55, 58]",apt,dnf,tndf/yum
/home/julia/Mariner-Migration-Project/AD-MFA-phonefactor-pop/src/pop/ops/pop/ansible/roles/common/tasks/main.yml,"[94, 96, 100, 109, 113, 139, 141, 168, 170, 386, 388, 580]",apt,dnf,tndf/yum
/home/julia/Mariner-Migration-Project/AD-MFA-phonefactor-pop/src/pop/ops/pop/ansible/roles/security_updates/tasks/main.yml,[16],apt,dnf,tndf/yum
/home/julia/Mariner-Migration-Project/AD-MFA-phonefactor-pop/src/pop/ops/pop/ansible/roles/azure_security/tasks/main.yml,"[35, 37, 47, 54, 60]",apt,dnf,tndf/yum
/home/julia/Mariner-Migration-Project/AD-MFA-phonefactor-pop/src/pop/ops/pop/ansible/roles/azure_security/tasks/main.yml,[118],apt-get,dnf,see documentation for apt-get
/home/julia/Mariner-Migration-Project/AD-MFA-phonefactor-pop/src/pop/ops/pop/ansible/wsvcs.yml,"[13, 22, 37]",apt,dnf,tndf/yum
/home/julia/Mariner-Migration-Project/AD-MFA-phonefactor-pop/src/pop/ops/pop/ansible/cloud_nodes.yml,[18],apt,dnf,tndf/yum
/home/julia/Mariner-Migration-Project/AD-MFA-phonefactor-pop/src/pop/ops/pop/ansible/postgres_focal.yml,"[23, 24]",apt,dnf,tndf/yum
/home/julia/Mariner-Migration-Project/AD-MFA-phonefactor-pop/src/pop/pfweb/config/locales/models/admin/fr.yml,[15],service,systemctl, 
/home/julia/Mariner-Migration-Project/AD-MFA-phonefactor-pop/src/pop/debian_packages/asterisk-1.8.x/debian/postinst,"[32, 40]",adduser,useradd, 
/home/julia/Mariner-Migration-Project/AD-MFA-phonefactor-pop/src/pop/debian_packages/asterisk-1.8.x/debian/postinst,[87],dpkg-query,rpm-query, 
/home/julia/Mariner-Migration-Project/AD-MFA-phonefactor-pop/src/pop/debian_packages/asterisk-1.8.x/debian/copyright,[32],service,systemctl, 
/home/julia/Mariner-Migration-Project/AD-MFA-phonefactor-pop/src/pop/debian_packages/build_scripts/backendbuild.sh,[12],service,systemctl, 
/home/julia/Mariner-Migration-Project/AD-MFA-phonefactor-pop/src/pop/debian_packages/postgresql-9.0/debian/postgresql-9.0.preinst,[26],dpkg,rpm, 
/home/julia/Mariner-Migration-Project/AD-MFA-phonefactor-pop/src/pop/debian_packages/postgresql-9.0/debian/changelog,"[234, 388]",service,systemctl, 
/home/julia/Mariner-Migration-Project/AD-MFA-phonefactor-pop/src/pop/debian_packages/pfweb/usr/local/phonefactor/pfsdk/ruby/README,[62],apt-get,dnf,see documentation for apt-get
/home/julia/Mariner-Migration-Project/AD-MFA-phonefactor-pop/src/pop/debian_packages/pfweb/usr/local/phonefactor/pfsdk/perl/README,[57],apt-get,dnf,see documentation for apt-get
/home/julia/Mariner-Migration-Project/AD-MFA-phonefactor-pop/src/pop/debian_packages/pfweb/usr/local/phonefactor/pfsdk/php/README,[59],apt-get,dnf,see documentation for apt-get
/home/julia/Mariner-Migration-Project/AD-MFA-phonefactor-pop/src/pop/debian_packages/dahdi-linux-2.x/debian/modulestest,[8],debuild, ,not supported
/home/julia/Mariner-Migration-Project/AD-MFA-phonefactor-pop/src/pop/debian_packages/dahdi-linux-2.x/debian/modulestest,"[40, 75]",dpkg,rpm, 
/home/julia/Mariner-Migration-Project/AD-MFA-phonefactor-pop/src/pop/debian_packages/dahdi-tools-2.x/debian/modulestest,"[34, 61]",dpkg,rpm, 
/home/julia/Mariner-Migration-Project/AD-MFA-phonefactor-pop/src/pop/debian_packages/asterisk-1.4.x/debian/postinst,"[32, 40]",adduser,useradd, 
/home/julia/Mariner-Migration-Project/AD-MFA-phonefactor-pop/src/pop/debian_packages/asterisk-1.4.x/debian/postinst,[87],dpkg-query,rpm-query, 
/home/julia/Mariner-Migration-Project/AD-MFA-phonefactor-pop/src/pop/debian_packages/asterisk-1.4.x/debian/copyright,[32],service,systemctl, 
/home/julia/Mariner-Migration-Project/AD-MFA-phonefactor-pop/src/pop/debian_packages/postgresql-common/debian/postgresql-common.postinst,"[12, 62]",adduser,useradd, 
/home/julia/Mariner-Migration-Project/AD-MFA-phonefactor-pop/src/pop/debian_packages/postgresql-common/debian/postgresql-common.postinst,"[60, 68, 75, 90, 100]",dpkg,rpm, 
/home/julia/Mariner-Migration-Project/AD-MFA-phonefactor-pop/src/pop/debian_packages/postgresql-common/debian/README.Debian,[115],apt-get,dnf,see documentation for apt-get
/home/julia/Mariner-Migration-Project/AD-MFA-phonefactor-pop/src/pop/debian_packages/postgresql-common/debian/maintscripts-functions,[6],dpkg,rpm, 
/home/julia/Mariner-Migration-Project/AD-MFA-phonefactor-pop/src/pop/debian_packages/postgresql-common/debian/postgresql-common.config,"[16, 49]",dpkg,rpm, 
/home/julia/Mariner-Migration-Project/AD-MFA-phonefactor-pop/src/pop/debian_packages/postgresql-common/debian/changelog,"[1003, 1015, 1078, 1917, 1938, 2091, 2298]",adduser,useradd, 
/home/julia/Mariner-Migration-Project/AD-MFA-phonefactor-pop/src/pop/debian_packages/postgresql-common/debian/changelog,[1887],debuild, ,not supported
/home/julia/Mariner-Migration-Project/AD-MFA-phonefactor-pop/src/pop/debian_packages/postgresql-common/debian/changelog,"[107, 483, 1480, 1496, 1524]",dpkg,rpm, 
/home/julia/Mariner-Migration-Project/AD-MFA-phonefactor-pop/src/pop/debian_packages/postgresql-common/debian/changelog,[209],service,systemctl, 
/home/julia/Mariner-Migration-Project/AD-MFA-phonefactor-pop/src/pop/debian_packages/postgresql-common/debian/postgresql-common.preinst,"[28, 33, 53]",dpkg,rpm, 
/home/julia/Mariner-Migration-Project/AD-MFA-phonefactor-pop/src/pop/debian_packages/postgresql-common/pg_updatedicts,[110],dpkg,rpm, 
/home/julia/Mariner-Migration-Project/AD-MFA-phonefactor-pop/src/pop/debian_packages/rabbitmq-server/debian/postinst,[28],adduser,useradd, 
/home/julia/Mariner-Migration-Project/AD-MFA-phonefactor-pop/src/pop/debian_packages/rabbitmq-server/debian/rabbitmq-server.init,"[6, 16]",service,systemctl, 
/home/julia/Mariner-Migration-Project/AD-MFA-phonefactor-pop/src/pop/sms/vendor/gems/json-1.6.4/java/src/json/ext/ParserService.java,[18],service,systemctl, 
/home/julia/Mariner-Migration-Project/AD-MFA-phonefactor-pop/src/pop/sms/vendor/gems/json-1.6.4/java/src/json/ext/GeneratorService.java,[18],service,systemctl, 
/home/julia/Mariner-Migration-Project/AD-MFA-phonefactor-pop/src/pop/sms/vendor/gems/json-1.6.4/java/src/json/ext/RuntimeInfo.java,[29],service,systemctl, 
/home/julia/Mariner-Migration-Project/AD-MFA-phonefactor-pop/src/pop/sms/vendor/gems/json-1.6.4/GPL,[24],service,systemctl, 
/home/julia/Mariner-Migration-Project/AD-MFA-phonefactor-pop/src/pop/pfdialer/phoneappdaemon/mod_pad.cpp,[532],service,systemctl, 
/home/julia/Mariner-Migration-Project/AD-MFA-phonefactor-pop/src/pop/pfdialer/certsigningserver2/mod_css2.cpp,[626],service,systemctl, 
/home/julia/Mariner-Migration-Project/AD-MFA-phonefactor-pop/src/pop/pfdialer/mfabackendbridge/mod_mfabb.cpp,[74],service,systemctl, 
/home/julia/Mariner-Migration-Project/AD-MFA-phonefactor-pop/src/pop/pfdialer/include/pf/dialer/pan/c2dm/c2dm.cpp,[445],service,systemctl, 
/home/julia/Mariner-Migration-Project/AD-MFA-phonefactor-pop/src/pop/pfdialer/phonefactordaemon/mod_pfd.cpp,[1705],service,systemctl, 
/home/julia/Mariner-Migration-Project/AD-MFA-phonefactor-pop/src/pop/pfdialer/phonefactordaemon/auth.cpp,[6378],service,systemctl, 
/home/julia/Mariner-Migration-Project/AD-MFA-phonefactor-pop/src/pop/db/cron_jobs/azure_billing/vendor/gems/azure-0.5.0/test/unit/service/storage_service_test.rb,[222],service,systemctl, 
/home/julia/Mariner-Migration-Project/AD-MFA-phonefactor-pop/src/pop/db/cron_jobs/azure_billing/vendor/gems/azure-0.5.0/lib/azure/service/storage_service.rb,"[35, 58]",service,systemctl, 
/home/julia/Mariner-Migration-Project/AD-MFA-phonefactor-pop/src/pop/db/cron_jobs/azure_billing/vendor/gems/azure-0.5.0/lib/azure/core/http/http_error.rb,[73],service,systemctl, 
/home/julia/Mariner-Migration-Project/AD-MFA-phonefactor-pop/src/pop/db/cron_jobs/azure_billing/vendor/gems/azure-0.5.0/lib/azure/core/configuration.rb,"[46, 69, 142, 144]",service,systemctl, 
/home/julia/Mariner-Migration-Project/AD-MFA-phonefactor-pop/src/pop/db/cron_jobs/azure_billing/vendor/gems/azure-0.5.0/lib/azure/blob/blob_service.rb,"[466, 467, 468, 469, 887, 909, 922, 1091, 1094, 1096, 1100, 1147, 1150, 1153, 1156, 1159, 1162, 1165, 1168, 1220]",service,systemctl, 
/home/julia/Mariner-Migration-Project/AD-MFA-phonefactor-pop/src/pop/db/cron_jobs/azure_billing/vendor/gems/azure-0.5.0/lib/azure/queue/queue_service.rb,"[82, 370, 373]",service,systemctl, 
/home/julia/Mariner-Migration-Project/AD-MFA-phonefactor-pop/src/pop/db/cron_jobs/azure_billing/vendor/gems/azure-0.5.0/lib/azure/service_bus/auth/wrap_service.rb,[62],service,systemctl, 
/home/julia/Mariner-Migration-Project/AD-MFA-phonefactor-pop/src/pop/db/cron_jobs/azure_billing/vendor/gems/azure-0.5.0/lib/azure/service_bus/service_bus_service.rb,"[53, 87, 122, 148, 262]",service,systemctl, 
/home/julia/Mariner-Migration-Project/AD-MFA-phonefactor-pop/src/pop/db/cron_jobs/azure_billing/vendor/gems/azure-0.5.0/lib/azure/service_bus/subscription.rb,"[38, 137, 138]",service,systemctl, 
/home/julia/Mariner-Migration-Project/AD-MFA-phonefactor-pop/src/pop/db/cron_jobs/azure_billing/vendor/gems/azure-0.5.0/lib/azure/service_bus/queue.rb,"[32, 201, 202]",service,systemctl, 
/home/julia/Mariner-Migration-Project/AD-MFA-phonefactor-pop/src/pop/db/cron_jobs/azure_billing/vendor/gems/azure-0.5.0/lib/azure/service_bus/topic.rb,"[36, 143, 144]",service,systemctl, 
/home/julia/Mariner-Migration-Project/AD-MFA-phonefactor-pop/src/pop/db/cron_jobs/azure_billing/vendor/gems/azure-0.5.0/README.md,"[84, 85, 86, 120, 121, 122, 158, 188, 222, 257, 292]",service,systemctl, 
/home/julia/Mariner-Migration-Project/AD-MFA-phonefactor-pop/src/pop/db/cron_jobs/azure_billing/include/phonefactor/msods/graph.rb,[106],service,systemctl, 
/home/julia/Mariner-Migration-Project/AD-MFA-phonefactor-pop/src/azurestage/templates/DeploymentHelper.cs,[34],service,systemctl, 
/home/julia/Mariner-Migration-Project/AD-MFA-phonefactor-pop/shared/shared/hotp_totp_test/draft-hoyer-keyprov-portable-symmetric-key-container-00.htm,"[330, 1010]",service,systemctl, 
/home/julia/Mariner-Migration-Project/AD-MFA-phonefactor-pop/shared/shared/libpfpskc/rfc-6030-Portable-Symmetric-Key-Container-PSKC.html,[334],service,systemctl, 
/home/julia/Mariner-Migration-Project/AD-MFA-phonefactor-pop/shared/shared/libpfrulesclient/pfrulesclient.cpp,[135],service,systemctl, 
