/home/julia/Mariner-Migration-Project/AD-MFA-phonefactor-pop/vendor/expat/expat/doc/xmlwf.sgml,"[57, 58, 59, 60, 62, 63, 65, 66, 67, 69, 70, 72, 135, 144, 145, 152, 158, 159, 165, 170, 172, 173, 196, 206, 212, 217, 223, 227, 233, 241, 242, 248, 254, 270, 281, 288, 289, 296, 307, 313, 314, 320, 354, 407, 413, 414]",/opt, , 
/home/julia/Mariner-Migration-Project/AD-MFA-phonefactor-pop/vendor/qpid/proton-0.5/package_files/tools/cmake/Modules/FindJava.cmake,[82],/opt, , 
/home/julia/Mariner-Migration-Project/AD-MFA-phonefactor-pop/vendor/qpid/proton-0.5/package_files/pom.xml,[56],/opt, , 
/home/julia/Mariner-Migration-Project/AD-MFA-phonefactor-pop/vendor/qpid/proton-0.5/package_files/README,"[90, 92]",/opt, , 
/home/julia/Mariner-Migration-Project/AD-MFA-phonefactor-pop/vendor/qpid/broker-0.26/qpid-tools/src/py/.svn/text-base/qpid-send.svn-base,[209],/opt, , 
/home/julia/Mariner-Migration-Project/AD-MFA-phonefactor-pop/vendor/qpid/broker-0.26/qpid-tools/src/py/qpid-send,[209],/opt, , 
/home/julia/Mariner-Migration-Project/AD-MFA-phonefactor-pop/vendor/qpid/broker-0.26/cpp/etc/emacs/.svn/text-base/qpid-c++-mode.el.svn-base,[35],/etc/emacs, , 
/home/julia/Mariner-Migration-Project/AD-MFA-phonefactor-pop/vendor/qpid/broker-0.26/cpp/etc/emacs/.svn/entries,[5],/etc/emacs, , 
/home/julia/Mariner-Migration-Project/AD-MFA-phonefactor-pop/vendor/qpid/broker-0.26/cpp/etc/emacs/.svn/all-wcprops,"[4, 10]",/etc/emacs, , 
/home/julia/Mariner-Migration-Project/AD-MFA-phonefactor-pop/vendor/qpid/broker-0.26/cpp/etc/emacs/qpid-c++-mode.el,[35],/etc/emacs, , 
/home/julia/Mariner-Migration-Project/AD-MFA-phonefactor-pop/vendor/qpid/broker-0.26/cpp/src/qpid/types/.svn/text-base/Variant.cpp.svn-base,[112],/opt, , 
/home/julia/Mariner-Migration-Project/AD-MFA-phonefactor-pop/vendor/qpid/broker-0.26/cpp/src/qpid/types/Variant.cpp,[112],/opt, , 
/home/julia/Mariner-Migration-Project/AD-MFA-phonefactor-pop/vendor/qpid/broker-0.26/cpp/src/qpid/amqp_0_10/Packer.h,[25],/opt, , 
/home/julia/Mariner-Migration-Project/AD-MFA-phonefactor-pop/vendor/qpid/broker-0.26/cpp/src/qpid/amqp_0_10/.svn/text-base/Packer.h.svn-base,[25],/opt, , 
/home/julia/Mariner-Migration-Project/AD-MFA-phonefactor-pop/vendor/qpid/broker-0.26/cpp/src/qpid/amqp_0_10/.svn/text-base/apply.h.svn-base,[24],/opt, , 
/home/julia/Mariner-Migration-Project/AD-MFA-phonefactor-pop/vendor/qpid/broker-0.26/cpp/src/qpid/amqp_0_10/apply.h,[24],/opt, , 
/home/julia/Mariner-Migration-Project/AD-MFA-phonefactor-pop/vendor/qpid/broker-0.26/cpp/src/qpid/framing/.svn/text-base/Invoker.h.svn-base,[28],/opt, , 
/home/julia/Mariner-Migration-Project/AD-MFA-phonefactor-pop/vendor/qpid/broker-0.26/cpp/src/qpid/framing/.svn/text-base/AMQHeaderBody.h.svn-base,[32],/opt, , 
/home/julia/Mariner-Migration-Project/AD-MFA-phonefactor-pop/vendor/qpid/broker-0.26/cpp/src/qpid/framing/Invoker.h,[28],/opt, , 
/home/julia/Mariner-Migration-Project/AD-MFA-phonefactor-pop/vendor/qpid/broker-0.26/cpp/src/qpid/framing/AMQHeaderBody.h,[32],/opt, , 
/home/julia/Mariner-Migration-Project/AD-MFA-phonefactor-pop/vendor/qpid/broker-0.26/cpp/src/qpid/client/.svn/text-base/SessionImpl.h.svn-base,[43],/opt, , 
/home/julia/Mariner-Migration-Project/AD-MFA-phonefactor-pop/vendor/qpid/broker-0.26/cpp/src/qpid/client/SessionImpl.h,[43],/opt, , 
/home/julia/Mariner-Migration-Project/AD-MFA-phonefactor-pop/vendor/qpid/broker-0.26/cpp/src/qpid/client/amqp0_10/.svn/text-base/AddressResolution.cpp.svn-base,[87],/opt, , 
/home/julia/Mariner-Migration-Project/AD-MFA-phonefactor-pop/vendor/qpid/broker-0.26/cpp/src/qpid/client/amqp0_10/AddressResolution.cpp,[87],/opt, , 
/home/julia/Mariner-Migration-Project/AD-MFA-phonefactor-pop/vendor/qpid/broker-0.26/cpp/src/qpid/messaging/amqp/EncodedMessage.h,[32],/opt, , 
/home/julia/Mariner-Migration-Project/AD-MFA-phonefactor-pop/vendor/qpid/broker-0.26/cpp/src/qpid/messaging/amqp/.svn/text-base/EncodedMessage.h.svn-base,[32],/opt, , 
/home/julia/Mariner-Migration-Project/AD-MFA-phonefactor-pop/vendor/qpid/broker-0.26/cpp/src/qpid/broker/amqp/Message.cpp,[414],/opt, , 
/home/julia/Mariner-Migration-Project/AD-MFA-phonefactor-pop/vendor/qpid/broker-0.26/cpp/src/qpid/broker/amqp/.svn/text-base/Message.h.svn-base,[28],/opt, , 
/home/julia/Mariner-Migration-Project/AD-MFA-phonefactor-pop/vendor/qpid/broker-0.26/cpp/src/qpid/broker/amqp/.svn/text-base/Message.cpp.svn-base,[414],/opt, , 
/home/julia/Mariner-Migration-Project/AD-MFA-phonefactor-pop/vendor/qpid/broker-0.26/cpp/src/qpid/broker/amqp/Message.h,[28],/opt, , 
/home/julia/Mariner-Migration-Project/AD-MFA-phonefactor-pop/vendor/qpid/broker-0.26/cpp/src/tests/qpid-latency-test.cpp,[360],/opt, , 
/home/julia/Mariner-Migration-Project/AD-MFA-phonefactor-pop/vendor/qpid/broker-0.26/cpp/src/tests/.svn/text-base/qpid-send.cpp.svn-base,[402],/opt, , 
/home/julia/Mariner-Migration-Project/AD-MFA-phonefactor-pop/vendor/qpid/broker-0.26/cpp/src/tests/.svn/text-base/ClientSessionTest.cpp.svn-base,[36],/opt, , 
/home/julia/Mariner-Migration-Project/AD-MFA-phonefactor-pop/vendor/qpid/broker-0.26/cpp/src/tests/.svn/text-base/qpid-latency-test.cpp.svn-base,[360],/opt, , 
/home/julia/Mariner-Migration-Project/AD-MFA-phonefactor-pop/vendor/qpid/broker-0.26/cpp/src/tests/.svn/text-base/qpid-cpp-benchmark.svn-base,[119],/opt, , 
/home/julia/Mariner-Migration-Project/AD-MFA-phonefactor-pop/vendor/qpid/broker-0.26/cpp/src/tests/.svn/text-base/msg_group_test.cpp.svn-base,[516],/opt, , 
/home/julia/Mariner-Migration-Project/AD-MFA-phonefactor-pop/vendor/qpid/broker-0.26/cpp/src/tests/.svn/text-base/XmlClientSessionTest.cpp.svn-base,[37],/opt, , 
/home/julia/Mariner-Migration-Project/AD-MFA-phonefactor-pop/vendor/qpid/broker-0.26/cpp/src/tests/.svn/text-base/qpid-receive.cpp.svn-base,[214],/opt, , 
/home/julia/Mariner-Migration-Project/AD-MFA-phonefactor-pop/vendor/qpid/broker-0.26/cpp/src/tests/qpid-send.cpp,[402],/opt, , 
/home/julia/Mariner-Migration-Project/AD-MFA-phonefactor-pop/vendor/qpid/broker-0.26/cpp/src/tests/msg_group_test.cpp,[516],/opt, , 
/home/julia/Mariner-Migration-Project/AD-MFA-phonefactor-pop/vendor/qpid/broker-0.26/cpp/src/tests/qpid-cpp-benchmark,[119],/opt, , 
/home/julia/Mariner-Migration-Project/AD-MFA-phonefactor-pop/vendor/qpid/broker-0.26/cpp/src/tests/XmlClientSessionTest.cpp,[37],/opt, , 
/home/julia/Mariner-Migration-Project/AD-MFA-phonefactor-pop/vendor/qpid/broker-0.26/cpp/src/tests/ClientSessionTest.cpp,[36],/opt, , 
/home/julia/Mariner-Migration-Project/AD-MFA-phonefactor-pop/vendor/qpid/broker-0.26/cpp/src/tests/qpid-receive.cpp,[214],/opt, , 
/home/julia/Mariner-Migration-Project/AD-MFA-phonefactor-pop/vendor/qpid/broker-0.26/lib/gcc/4.6.3/x64/qpid-tools/qpid-send,[209],/opt, , 
/home/julia/Mariner-Migration-Project/AD-MFA-phonefactor-pop/vendor/qpid/broker-0.26/lib/gcc/9.3.0/qpid-tools/qpid-send,[209],/opt, , 
/home/julia/Mariner-Migration-Project/AD-MFA-phonefactor-pop/vendor/qpid/broker-0.26/lib/gcc/5.4.0/qpid-tools/qpid-send,[209],/opt, , 
/home/julia/Mariner-Migration-Project/AD-MFA-phonefactor-pop/vendor/qpid/broker-0.26/README,[57],/var/log/syslog,/var/log/messages, 
/home/julia/Mariner-Migration-Project/AD-MFA-phonefactor-pop/vendor/dce/lib/libuuid.la,"[17, 32]",/opt, , 
/home/julia/Mariner-Migration-Project/AD-MFA-phonefactor-pop/vendor/dce/lib/libdcerpc.la,"[17, 32]",/opt, , 
/home/julia/Mariner-Migration-Project/AD-MFA-phonefactor-pop/vendor/dce/lib/libdcethreads.la,[32],/opt, , 
/home/julia/Mariner-Migration-Project/AD-MFA-phonefactor-pop/src/pop/pfsdk/java/tester/java-env-1.4.2.sh,[3],/opt, , 
/home/julia/Mariner-Migration-Project/AD-MFA-phonefactor-pop/src/pop/pfsdk/java/tester/java-env-1.5.sh,[3],/opt, , 
/home/julia/Mariner-Migration-Project/AD-MFA-phonefactor-pop/src/pop/pfsdk/java/tester/java-env-1.6.sh,[3],/opt, , 
/home/julia/Mariner-Migration-Project/AD-MFA-phonefactor-pop/src/pop/ops/pop/call_router_ops/template/etc/init.d/phonefactor-sendHttpStatusCodes.sh,[49],/etc/init, , 
/home/julia/Mariner-Migration-Project/AD-MFA-phonefactor-pop/src/pop/ops/pop/call_router_ops/packaging/postinst,"[6, 7, 12, 13, 18, 19]",/etc/cron.d, , 
/home/julia/Mariner-Migration-Project/AD-MFA-phonefactor-pop/src/pop/ops/pop/call_router_ops/packaging/postinst,"[22, 23, 33]",/etc/init, , 
/home/julia/Mariner-Migration-Project/AD-MFA-phonefactor-pop/src/pop/ops/pop/call_router_ops/packaging/prerm,[4],/etc/init, , 
/home/julia/Mariner-Migration-Project/AD-MFA-phonefactor-pop/src/pop/ops/pop/monitor/snmp/oom_killer_check.pl,[44],/var/log/syslog,/var/log/messages, 
/home/julia/Mariner-Migration-Project/AD-MFA-phonefactor-pop/src/pop/ops/pop/cmdb_ops/template/conffiles,[1],/etc/cron.d, , 
/home/julia/Mariner-Migration-Project/AD-MFA-phonefactor-pop/src/pop/ops/pop/utilities/restart_squealer.sh,[4],/etc/init, , 
/home/julia/Mariner-Migration-Project/AD-MFA-phonefactor-pop/src/pop/ops/pop/utilities/ansible_ops/clamav/clamav-scan.sh,[5],/opt, , 
/home/julia/Mariner-Migration-Project/AD-MFA-phonefactor-pop/src/pop/ops/pop/utilities/ansible_ops/cert_mon.py,"[10, 34, 36, 393]",/opt, , 
/home/julia/Mariner-Migration-Project/AD-MFA-phonefactor-pop/src/pop/ops/pop/ansible/crdbs.yml,"[29, 37, 38, 39, 94, 95, 96, 101]",/etc/init, , 
/home/julia/Mariner-Migration-Project/AD-MFA-phonefactor-pop/src/pop/ops/pop/ansible/postgres_add_hotstandby.yml,"[60, 61]",/etc/cron.d, , 
/home/julia/Mariner-Migration-Project/AD-MFA-phonefactor-pop/src/pop/ops/pop/ansible/deployment_servers.yml,[22],/etc/cron.d, , 
/home/julia/Mariner-Migration-Project/AD-MFA-phonefactor-pop/src/pop/ops/pop/ansible/crdb_call_routers.yml,"[29, 37, 38, 39, 94, 95, 96, 101]",/etc/init, , 
/home/julia/Mariner-Migration-Project/AD-MFA-phonefactor-pop/src/pop/ops/pop/ansible/postgres_upgrade.txt,[60],/etc/init, , 
/home/julia/Mariner-Migration-Project/AD-MFA-phonefactor-pop/src/pop/ops/pop/ansible/roles/wsvc/tasks/main.yml,[322],/etc/cron.d, , 
/home/julia/Mariner-Migration-Project/AD-MFA-phonefactor-pop/src/pop/ops/pop/ansible/roles/wsvc/tasks/main.yml,[164],/etc/rsyslog.d, , 
/home/julia/Mariner-Migration-Project/AD-MFA-phonefactor-pop/src/pop/ops/pop/ansible/roles/wsvc/files/50-default.conf,[9],/var/log/syslog,/var/log/messages, 
/home/julia/Mariner-Migration-Project/AD-MFA-phonefactor-pop/src/pop/ops/pop/ansible/roles/wsvc/files/50-default.conf,[8],/var/log/auth.log,/var/log/secure, 
/home/julia/Mariner-Migration-Project/AD-MFA-phonefactor-pop/src/pop/ops/pop/ansible/roles/wsvc/files/50-default.conf,[14],/var/log/mail.log,/var/log/maillog, 
/home/julia/Mariner-Migration-Project/AD-MFA-phonefactor-pop/src/pop/ops/pop/ansible/roles/wsvc/handlers/main.yml,[5],/etc/init, , 
/home/julia/Mariner-Migration-Project/AD-MFA-phonefactor-pop/src/pop/ops/pop/ansible/roles/wsvc/templates/squealer.j2,[46],/etc/init, , 
/home/julia/Mariner-Migration-Project/AD-MFA-phonefactor-pop/src/pop/ops/pop/ansible/roles/call_router/tasks/main.yml,[130],/etc/apache2/apache2.conf,/etc/httpd/httpd.conf,
/home/julia/Mariner-Migration-Project/AD-MFA-phonefactor-pop/src/pop/ops/pop/ansible/roles/call_router/tasks/main.yml,"[21, 87]",/etc/apt, , 
/home/julia/Mariner-Migration-Project/AD-MFA-phonefactor-pop/src/pop/ops/pop/ansible/roles/call_router/tasks/main.yml,"[332, 337]",/etc/cron.d, , 
/home/julia/Mariner-Migration-Project/AD-MFA-phonefactor-pop/src/pop/ops/pop/ansible/roles/call_router/tasks/main.yml,"[251, 270]",/etc/init, , 
/home/julia/Mariner-Migration-Project/AD-MFA-phonefactor-pop/src/pop/ops/pop/ansible/roles/call_router/tasks/main.yml,[111],/etc/rsyslog.d, , 
/home/julia/Mariner-Migration-Project/AD-MFA-phonefactor-pop/src/pop/ops/pop/ansible/roles/call_router/files/50-default.conf,[9],/var/log/syslog,/var/log/messages, 
/home/julia/Mariner-Migration-Project/AD-MFA-phonefactor-pop/src/pop/ops/pop/ansible/roles/call_router/files/50-default.conf,[8],/var/log/auth.log,/var/log/secure, 
/home/julia/Mariner-Migration-Project/AD-MFA-phonefactor-pop/src/pop/ops/pop/ansible/roles/call_router/files/50-default.conf,[14],/var/log/mail.log,/var/log/maillog, 
/home/julia/Mariner-Migration-Project/AD-MFA-phonefactor-pop/src/pop/ops/pop/ansible/roles/call_router/files/asterisk,[214],/etc/init, , 
/home/julia/Mariner-Migration-Project/AD-MFA-phonefactor-pop/src/pop/ops/pop/ansible/roles/call_router/handlers/main.yml,"[6, 11, 18]",/etc/init, , 
/home/julia/Mariner-Migration-Project/AD-MFA-phonefactor-pop/src/pop/ops/pop/ansible/roles/db_common/tasks/main.yml,"[6, 12]",/etc/init, , 
/home/julia/Mariner-Migration-Project/AD-MFA-phonefactor-pop/src/pop/ops/pop/ansible/roles/db_common/handlers/main.yml,"[3, 26]",/etc/init, , 
/home/julia/Mariner-Migration-Project/AD-MFA-phonefactor-pop/src/pop/ops/pop/ansible/roles/db_common/templates/blockdev.j2,[10],/etc/init, , 
/home/julia/Mariner-Migration-Project/AD-MFA-phonefactor-pop/src/pop/ops/pop/ansible/roles/call_gateway/tasks/main.yml,[73],/var/log/syslog,/var/log/messages, 
/home/julia/Mariner-Migration-Project/AD-MFA-phonefactor-pop/src/pop/ops/pop/ansible/roles/call_gateway/tasks/main.yml,[91],/etc/cron.d, , 
/home/julia/Mariner-Migration-Project/AD-MFA-phonefactor-pop/src/pop/ops/pop/ansible/roles/call_gateway/files/extensions.conf,"[109, 110, 111, 112]",/opt, , 
/home/julia/Mariner-Migration-Project/AD-MFA-phonefactor-pop/src/pop/ops/pop/ansible/roles/call_gateway/files/oom_killer_check.pl,[44],/var/log/syslog,/var/log/messages, 
/home/julia/Mariner-Migration-Project/AD-MFA-phonefactor-pop/src/pop/ops/pop/ansible/roles/call_gateway/files/chan_dahdi.conf,[90],/opt, , 
/home/julia/Mariner-Migration-Project/AD-MFA-phonefactor-pop/src/pop/ops/pop/ansible/roles/call_gateway/files/res_snmp.conf,[8],/etc/snmp, , 
/home/julia/Mariner-Migration-Project/AD-MFA-phonefactor-pop/src/pop/ops/pop/ansible/roles/regression_tester/tasks/main.yml,[8],/etc/apt, , 
/home/julia/Mariner-Migration-Project/AD-MFA-phonefactor-pop/src/pop/ops/pop/ansible/roles/regression_tester/handlers/main.yml,[3],/etc/init, , 
/home/julia/Mariner-Migration-Project/AD-MFA-phonefactor-pop/src/pop/ops/pop/ansible/roles/cmdb/tasks/main.yml,"[229, 233]",/etc/cron.d, , 
/home/julia/Mariner-Migration-Project/AD-MFA-phonefactor-pop/src/pop/ops/pop/ansible/roles/cmdb/tasks/main.yml,[6],/etc/rsyslog.d, , 
/home/julia/Mariner-Migration-Project/AD-MFA-phonefactor-pop/src/pop/ops/pop/ansible/roles/cmdb/files/50-default.conf,[9],/var/log/syslog,/var/log/messages, 
/home/julia/Mariner-Migration-Project/AD-MFA-phonefactor-pop/src/pop/ops/pop/ansible/roles/cmdb/files/50-default.conf,[8],/var/log/auth.log,/var/log/secure, 
/home/julia/Mariner-Migration-Project/AD-MFA-phonefactor-pop/src/pop/ops/pop/ansible/roles/cmdb/files/50-default.conf,[14],/var/log/mail.log,/var/log/maillog, 
/home/julia/Mariner-Migration-Project/AD-MFA-phonefactor-pop/src/pop/ops/pop/ansible/roles/cmdb/handlers/main.yml,"[3, 6]",/etc/init, , 
/home/julia/Mariner-Migration-Project/AD-MFA-phonefactor-pop/src/pop/ops/pop/ansible/roles/deployment_servers/tasks/main.yml,[31],/etc/apt, , 
/home/julia/Mariner-Migration-Project/AD-MFA-phonefactor-pop/src/pop/ops/pop/ansible/roles/deployment_servers/tasks/main.yml,[127],/etc/rsyslog.d, , 
/home/julia/Mariner-Migration-Project/AD-MFA-phonefactor-pop/src/pop/ops/pop/ansible/roles/common/tasks/main.yml,[73],/etc/network/interfaces,/etc/sysconfig/network-scripts/ifcfg-C, 
/home/julia/Mariner-Migration-Project/AD-MFA-phonefactor-pop/src/pop/ops/pop/ansible/roles/common/tasks/main.yml,[351],/var/log/syslog,/var/log/messages, 
/home/julia/Mariner-Migration-Project/AD-MFA-phonefactor-pop/src/pop/ops/pop/ansible/roles/common/tasks/main.yml,"[99, 101, 389]",/etc/apt, , 
/home/julia/Mariner-Migration-Project/AD-MFA-phonefactor-pop/src/pop/ops/pop/ansible/roles/common/tasks/main.yml,"[266, 369, 373, 381]",/etc/cron.d, , 
/home/julia/Mariner-Migration-Project/AD-MFA-phonefactor-pop/src/pop/ops/pop/ansible/roles/common/tasks/main.yml,[373],/etc/cron.daily, , 
/home/julia/Mariner-Migration-Project/AD-MFA-phonefactor-pop/src/pop/ops/pop/ansible/roles/common/tasks/main.yml,[80],/etc/netplan, , 
/home/julia/Mariner-Migration-Project/AD-MFA-phonefactor-pop/src/pop/ops/pop/ansible/roles/common/tasks/main.yml,[73],/etc/network, , 
/home/julia/Mariner-Migration-Project/AD-MFA-phonefactor-pop/src/pop/ops/pop/ansible/roles/common/tasks/main.yml,[274],/etc/rsyslog.d, , 
/home/julia/Mariner-Migration-Project/AD-MFA-phonefactor-pop/src/pop/ops/pop/ansible/roles/common/tasks/main.yml,[325],/etc/vim, , 
/home/julia/Mariner-Migration-Project/AD-MFA-phonefactor-pop/src/pop/ops/pop/ansible/roles/common/files/mfa_ops_mon.py,[104],/etc/hostname,/etc/sysconfig/network, 
/home/julia/Mariner-Migration-Project/AD-MFA-phonefactor-pop/src/pop/ops/pop/ansible/roles/common/files/sshd_config_centrify,[91],/run/sshd, , 
/home/julia/Mariner-Migration-Project/AD-MFA-phonefactor-pop/src/pop/ops/pop/ansible/roles/common/files/sysstat,"[2, 3, 12, 17]",/etc/cron.d, , 
/home/julia/Mariner-Migration-Project/AD-MFA-phonefactor-pop/src/pop/ops/pop/ansible/roles/common/files/sysstat,"[3, 17]",/etc/cron.daily, , 
/home/julia/Mariner-Migration-Project/AD-MFA-phonefactor-pop/src/pop/ops/pop/ansible/roles/common/files/sysstat,"[2, 11]",/etc/init, , 
/home/julia/Mariner-Migration-Project/AD-MFA-phonefactor-pop/src/pop/ops/pop/ansible/roles/common/handlers/main.yml,[29],/etc/init, , 
/home/julia/Mariner-Migration-Project/AD-MFA-phonefactor-pop/src/pop/ops/pop/ansible/roles/security_updates/tasks/main.yml,"[17, 19]",/etc/apt, , 
/home/julia/Mariner-Migration-Project/AD-MFA-phonefactor-pop/src/pop/ops/pop/ansible/roles/security_updates/tasks/main.yml,"[6, 12, 13, 14, 43, 44, 45, 48]",/etc/init, , 
/home/julia/Mariner-Migration-Project/AD-MFA-phonefactor-pop/src/pop/ops/pop/ansible/roles/azure_security/tasks/main.yml,[40],/etc/apt, , 
/home/julia/Mariner-Migration-Project/AD-MFA-phonefactor-pop/src/pop/ops/pop/ansible/roles/azure_security/tasks/main.yml,[21],/etc/cron.d, , 
/home/julia/Mariner-Migration-Project/AD-MFA-phonefactor-pop/src/pop/ops/pop/ansible/roles/azure_security/tasks/main.yml,[205],/etc/rsyslog.d, , 
/home/julia/Mariner-Migration-Project/AD-MFA-phonefactor-pop/src/pop/ops/pop/ansible/roles/azure_security/tasks/main.yml,"[271, 281]",/opt, , 
/home/julia/Mariner-Migration-Project/AD-MFA-phonefactor-pop/src/pop/ops/pop/ansible/roles/azure_security/templates/mdsd.j2,[115],/snap, , 
/home/julia/Mariner-Migration-Project/AD-MFA-phonefactor-pop/src/pop/ops/pop/ansible/roles/crdb/tasks/main.yml,[75],/etc/cron.d, , 
/home/julia/Mariner-Migration-Project/AD-MFA-phonefactor-pop/src/pop/ops/pop/ansible/roles/crdb/tasks/main.yml,[89],/etc/init, , 
/home/julia/Mariner-Migration-Project/AD-MFA-phonefactor-pop/src/pop/ops/pop/ansible/roles/crdb/tasks/main.yml,[6],/etc/rsyslog.d, , 
/home/julia/Mariner-Migration-Project/AD-MFA-phonefactor-pop/src/pop/ops/pop/ansible/postgres_failover.yml,"[61, 62, 64, 65, 102, 103, 105, 106]",/etc/cron.d, , 
/home/julia/Mariner-Migration-Project/AD-MFA-phonefactor-pop/src/pop/ops/pop/ansible/postgres_failover.yml,"[92, 120]",/etc/init, , 
/home/julia/Mariner-Migration-Project/AD-MFA-phonefactor-pop/src/pop/cloud/storage/build/packaging/postinst,"[12, 13]",/etc/init, , 
/home/julia/Mariner-Migration-Project/AD-MFA-phonefactor-pop/src/pop/cloud/storage/build/packaging/etc/init.d/phonefactor-cloud-storage.sh,[95],/etc/init, , 
/home/julia/Mariner-Migration-Project/AD-MFA-phonefactor-pop/src/pop/cloud/broker/build/packaging/postinst,"[12, 13, 29]",/etc/init, , 
/home/julia/Mariner-Migration-Project/AD-MFA-phonefactor-pop/src/pop/cloud/broker/build/packaging/conffiles,[2],/etc/init, , 
/home/julia/Mariner-Migration-Project/AD-MFA-phonefactor-pop/src/pop/cloud/broker/build/packaging/etc/init.d/phonefactor-cloud-broker.sh,[79],/etc/init, , 
/home/julia/Mariner-Migration-Project/AD-MFA-phonefactor-pop/src/pop/cloud/broker/build/packaging/preinst,[10],/etc/init, , 
/home/julia/Mariner-Migration-Project/AD-MFA-phonefactor-pop/src/pop/debian_packages/pfasterisk/DEBIAN/postinst,"[8, 35, 37, 41]",/etc/init, , 
/home/julia/Mariner-Migration-Project/AD-MFA-phonefactor-pop/src/pop/debian_packages/asterisk-1.8.x/debian/postinst,"[115, 120]",/etc/init, , 
/home/julia/Mariner-Migration-Project/AD-MFA-phonefactor-pop/src/pop/debian_packages/asterisk-1.8.x/debian/prerm,"[4, 8]",/etc/init, , 
/home/julia/Mariner-Migration-Project/AD-MFA-phonefactor-pop/src/pop/debian_packages/asterisk-1.8.x/debian/default,[38],/etc/init, , 
/home/julia/Mariner-Migration-Project/AD-MFA-phonefactor-pop/src/pop/debian_packages/asterisk-1.8.x/debian/init.d,"[214, 217, 218, 222]",/etc/init, , 
/home/julia/Mariner-Migration-Project/AD-MFA-phonefactor-pop/src/pop/debian_packages/pfqueue_mdb/DEBIAN/postinst,"[32, 33]",/etc/init, , 
/home/julia/Mariner-Migration-Project/AD-MFA-phonefactor-pop/src/pop/debian_packages/pfqueue_mdb/DEBIAN/prerm,"[7, 8]",/etc/init, , 
/home/julia/Mariner-Migration-Project/AD-MFA-phonefactor-pop/src/pop/debian_packages/pfqueue_mdb/etc/init.d/phonefactor-pfqueue-unbatcher.sh,"[79, 84]",/etc/init, , 
/home/julia/Mariner-Migration-Project/AD-MFA-phonefactor-pop/src/pop/debian_packages/pfqueue_mdb/etc/init.d/phonefactor-pfqueue.sh,"[79, 84]",/etc/init, , 
/home/julia/Mariner-Migration-Project/AD-MFA-phonefactor-pop/src/pop/debian_packages/postgresql-9.0/debian/postgresql-9.0.preinst,[27],/etc/init, , 
/home/julia/Mariner-Migration-Project/AD-MFA-phonefactor-pop/src/pop/debian_packages/postgresql-9.0/debian/changelog,[392],/etc/init, , 
/home/julia/Mariner-Migration-Project/AD-MFA-phonefactor-pop/src/pop/debian_packages/pfweb/DEBIAN/postinst,"[12, 13, 48]",/etc/init, , 
/home/julia/Mariner-Migration-Project/AD-MFA-phonefactor-pop/src/pop/debian_packages/pfweb/DEBIAN/prerm,[6],/etc/init, , 
/home/julia/Mariner-Migration-Project/AD-MFA-phonefactor-pop/src/pop/debian_packages/pfweb/etc/init.d/phonefactor-pfqueuedreports.sh,[57],/etc/init, , 
/home/julia/Mariner-Migration-Project/AD-MFA-phonefactor-pop/src/pop/debian_packages/dahdi-linux-2.x/debian/changelog,[1058],/etc/modprobe.d, , 
/home/julia/Mariner-Migration-Project/AD-MFA-phonefactor-pop/src/pop/debian_packages/dahdi-linux-2.x/debian/patches/uk_rotary,[8],/etc/modprobe.d, , 
/home/julia/Mariner-Migration-Project/AD-MFA-phonefactor-pop/src/pop/debian_packages/pfqueue-config-master-db/DEBIAN/postinst,"[37, 38]",/etc/init, , 
/home/julia/Mariner-Migration-Project/AD-MFA-phonefactor-pop/src/pop/debian_packages/pfqueue-config-master-db/DEBIAN/prerm,[5],/etc/init, , 
/home/julia/Mariner-Migration-Project/AD-MFA-phonefactor-pop/src/pop/debian_packages/pfqueue-config-master-db/etc/init.d/phonefactor-pfqueue-unbatcher-from-crdb.sh,"[81, 86]",/etc/init, , 
/home/julia/Mariner-Migration-Project/AD-MFA-phonefactor-pop/src/pop/debian_packages/pfqueue-config-master-db/etc/init.d/phonefactor-pfqueue-from-crdb.sh,"[81, 86]",/etc/init, , 
/home/julia/Mariner-Migration-Project/AD-MFA-phonefactor-pop/src/pop/debian_packages/pfqueue-config-master-db/etc/init.d/phonefactor-pfqueue-fan-to-crdb.sh,[59],/etc/init, , 
/home/julia/Mariner-Migration-Project/AD-MFA-phonefactor-pop/src/pop/debian_packages/dbcronjobs/DEBIAN/postinst,"[32, 33, 42, 43]",/etc/init, , 
/home/julia/Mariner-Migration-Project/AD-MFA-phonefactor-pop/src/pop/debian_packages/dbcronjobs/DEBIAN/conffiles,[1],/etc/cron.d, , 
/home/julia/Mariner-Migration-Project/AD-MFA-phonefactor-pop/src/pop/debian_packages/dbcronjobs/DEBIAN/prerm,"[7, 8]",/etc/init, , 
/home/julia/Mariner-Migration-Project/AD-MFA-phonefactor-pop/src/pop/debian_packages/dbcronjobs/etc/init.d/phonefactor-pfaccountlockoutunblock.sh,[61],/etc/init, , 
/home/julia/Mariner-Migration-Project/AD-MFA-phonefactor-pop/src/pop/debian_packages/dbcronjobs/etc/init.d/phonefactor-pfcalculatecustomerbalances.sh,[61],/etc/init, , 
/home/julia/Mariner-Migration-Project/AD-MFA-phonefactor-pop/src/pop/debian_packages/dbcronjobs/etc/init.d/phonefactor-databasersync.sh,[59],/etc/init, , 
/home/julia/Mariner-Migration-Project/AD-MFA-phonefactor-pop/src/pop/debian_packages/pfd/usr/local/phonefactor/ops/apache_cleanup.pl,[13],/etc/apache2/apache2.conf,/etc/httpd/httpd.conf,
/home/julia/Mariner-Migration-Project/AD-MFA-phonefactor-pop/src/pop/debian_packages/config-master-dbcronjobs/DEBIAN/postinst,"[29, 30, 35]",/etc/init, , 
/home/julia/Mariner-Migration-Project/AD-MFA-phonefactor-pop/src/pop/debian_packages/config-master-dbcronjobs/DEBIAN/conffiles,[1],/etc/cron.d, , 
/home/julia/Mariner-Migration-Project/AD-MFA-phonefactor-pop/src/pop/debian_packages/config-master-dbcronjobs/DEBIAN/prerm,[3],/etc/init, , 
/home/julia/Mariner-Migration-Project/AD-MFA-phonefactor-pop/src/pop/debian_packages/config-master-dbcronjobs/etc/init.d/phonefactor-pfaccountlockoutunblock.sh,[63],/etc/init, , 
/home/julia/Mariner-Migration-Project/AD-MFA-phonefactor-pop/src/pop/debian_packages/config-master-dbcronjobs/etc/init.d/phonefactor-databasersync.sh,[60],/etc/init, , 
/home/julia/Mariner-Migration-Project/AD-MFA-phonefactor-pop/src/pop/debian_packages/cloud_storage/DEBIAN/postinst,"[12, 13, 29]",/etc/init, , 
/home/julia/Mariner-Migration-Project/AD-MFA-phonefactor-pop/src/pop/debian_packages/cloud_storage/DEBIAN/conffiles,[2],/etc/init, , 
/home/julia/Mariner-Migration-Project/AD-MFA-phonefactor-pop/src/pop/debian_packages/cloud_storage/DEBIAN/preinst,[10],/etc/init, , 
/home/julia/Mariner-Migration-Project/AD-MFA-phonefactor-pop/src/pop/debian_packages/cloud_storage/etc/init.d/phonefactor-cloud-storage.sh,[90],/etc/init, , 
/home/julia/Mariner-Migration-Project/AD-MFA-phonefactor-pop/src/pop/debian_packages/dahdi-tools-2.x/debian/dahdi.init,[22],/etc/init, , 
/home/julia/Mariner-Migration-Project/AD-MFA-phonefactor-pop/src/pop/debian_packages/dahdi-tools-2.x/debian/changelog,[1022],/etc/modprobe.d, , 
/home/julia/Mariner-Migration-Project/AD-MFA-phonefactor-pop/src/pop/debian_packages/passenger/debian/libapache2-mod-passenger.postinst,[26],/etc/apache2/apache2.conf,/etc/httpd/httpd.conf,
/home/julia/Mariner-Migration-Project/AD-MFA-phonefactor-pop/src/pop/debian_packages/passenger/debian/libapache2-mod-passenger.prerm,[9],/etc/apache2/apache2.conf,/etc/httpd/httpd.conf,
/home/julia/Mariner-Migration-Project/AD-MFA-phonefactor-pop/src/pop/debian_packages/cloud_broker_64/DEBIAN/postinst,"[12, 13, 29]",/etc/init, , 
/home/julia/Mariner-Migration-Project/AD-MFA-phonefactor-pop/src/pop/debian_packages/cloud_broker_64/DEBIAN/conffiles,[2],/etc/init, , 
/home/julia/Mariner-Migration-Project/AD-MFA-phonefactor-pop/src/pop/debian_packages/cloud_broker_64/DEBIAN/preinst,[10],/etc/init, , 
/home/julia/Mariner-Migration-Project/AD-MFA-phonefactor-pop/src/pop/debian_packages/cloud_broker_64/etc/init.d/phonefactor-cloud-broker.sh,[81],/etc/init, , 
/home/julia/Mariner-Migration-Project/AD-MFA-phonefactor-pop/src/pop/debian_packages/asterisk-1.4.x/debian/postinst,"[115, 120]",/etc/init, , 
/home/julia/Mariner-Migration-Project/AD-MFA-phonefactor-pop/src/pop/debian_packages/asterisk-1.4.x/debian/prerm,"[4, 8]",/etc/init, , 
/home/julia/Mariner-Migration-Project/AD-MFA-phonefactor-pop/src/pop/debian_packages/asterisk-1.4.x/debian/default,[38],/etc/init, , 
/home/julia/Mariner-Migration-Project/AD-MFA-phonefactor-pop/src/pop/debian_packages/asterisk-1.4.x/debian/init.d,"[12, 13, 233, 236, 237, 241]",/etc/init, , 
/home/julia/Mariner-Migration-Project/AD-MFA-phonefactor-pop/src/pop/debian_packages/postgresql-common/architecture.html,[137],/etc/init, , 
/home/julia/Mariner-Migration-Project/AD-MFA-phonefactor-pop/src/pop/debian_packages/postgresql-common/debian/postgresql-common.postinst,"[78, 82]",/etc/init, , 
/home/julia/Mariner-Migration-Project/AD-MFA-phonefactor-pop/src/pop/debian_packages/postgresql-common/debian/maintscripts-functions,"[37, 41, 48, 52]",/etc/init, , 
/home/julia/Mariner-Migration-Project/AD-MFA-phonefactor-pop/src/pop/debian_packages/postgresql-common/debian/init.d-functions,"[3, 92]",/etc/init, , 
/home/julia/Mariner-Migration-Project/AD-MFA-phonefactor-pop/src/pop/debian_packages/postgresql-common/debian/changelog,[513],/etc/cron.d, , 
/home/julia/Mariner-Migration-Project/AD-MFA-phonefactor-pop/src/pop/debian_packages/postgresql-common/debian/postgresql-common.preinst,[30],/etc/cron.d, , 
/home/julia/Mariner-Migration-Project/AD-MFA-phonefactor-pop/src/pop/debian_packages/postgresql-common/debian/postgresql-common.preinst,[54],/etc/init, , 
/home/julia/Mariner-Migration-Project/AD-MFA-phonefactor-pop/src/pop/debian_packages/postgresql-common/t/080_start.conf.t,"[26, 28, 40, 56]",/etc/init, , 
/home/julia/Mariner-Migration-Project/AD-MFA-phonefactor-pop/src/pop/debian_packages/postgresql-common/testsuite,"[41, 42, 45, 46]",/etc/init, , 
/home/julia/Mariner-Migration-Project/AD-MFA-phonefactor-pop/src/pop/debian_packages/postgresql-common/cleanpg,[21],/etc/init, , 
/home/julia/Mariner-Migration-Project/AD-MFA-phonefactor-pop/src/pop/debian_packages/postgresql-common/pg_createcluster,[610],/etc/init, , 
/home/julia/Mariner-Migration-Project/AD-MFA-phonefactor-pop/src/pop/debian_packages/pfqueue_crdb/DEBIAN/postinst,"[32, 33]",/etc/init, , 
/home/julia/Mariner-Migration-Project/AD-MFA-phonefactor-pop/src/pop/debian_packages/pfqueue_crdb/DEBIAN/conffiles,[3],/etc/cron.d, , 
/home/julia/Mariner-Migration-Project/AD-MFA-phonefactor-pop/src/pop/debian_packages/pfqueue_crdb/DEBIAN/prerm,[5],/etc/init, , 
/home/julia/Mariner-Migration-Project/AD-MFA-phonefactor-pop/src/pop/debian_packages/pfqueue_crdb/etc/init.d/phonefactor-pfqueue-batcher-to-config-master.sh,[59],/etc/init, , 
/home/julia/Mariner-Migration-Project/AD-MFA-phonefactor-pop/src/pop/debian_packages/pfqueue_crdb/etc/init.d/phonefactor-pfqueue-from-config-master.sh,[59],/etc/init, , 
/home/julia/Mariner-Migration-Project/AD-MFA-phonefactor-pop/src/pop/debian_packages/pfwebcronjobs/DEBIAN/conffiles,[1],/etc/cron.d, , 
/home/julia/Mariner-Migration-Project/AD-MFA-phonefactor-pop/src/pop/debian_packages/cloud_broker/DEBIAN/postinst,"[12, 13, 29]",/etc/init, , 
/home/julia/Mariner-Migration-Project/AD-MFA-phonefactor-pop/src/pop/debian_packages/cloud_broker/DEBIAN/conffiles,[2],/etc/init, , 
/home/julia/Mariner-Migration-Project/AD-MFA-phonefactor-pop/src/pop/debian_packages/cloud_broker/DEBIAN/preinst,[10],/etc/init, , 
/home/julia/Mariner-Migration-Project/AD-MFA-phonefactor-pop/src/pop/debian_packages/cloud_broker/etc/init.d/phonefactor-cloud-broker.sh,[81],/etc/init, , 
/home/julia/Mariner-Migration-Project/AD-MFA-phonefactor-pop/src/pop/debian_packages/rabbitmq-server/debian/rabbitmq-server.logrotate,[10],/etc/init, , 
/home/julia/Mariner-Migration-Project/AD-MFA-phonefactor-pop/src/pop/debian_packages/cloud_storage_64/DEBIAN/postinst,"[12, 13, 29]",/etc/init, , 
/home/julia/Mariner-Migration-Project/AD-MFA-phonefactor-pop/src/pop/debian_packages/cloud_storage_64/DEBIAN/conffiles,[2],/etc/init, , 
/home/julia/Mariner-Migration-Project/AD-MFA-phonefactor-pop/src/pop/debian_packages/cloud_storage_64/DEBIAN/preinst,[10],/etc/init, , 
/home/julia/Mariner-Migration-Project/AD-MFA-phonefactor-pop/src/pop/debian_packages/cloud_storage_64/etc/init.d/phonefactor-cloud-storage.sh,[90],/etc/init, , 
/home/julia/Mariner-Migration-Project/AD-MFA-phonefactor-pop/src/pop/sms/vendor/gems/builder-3.0.0/TAGS,"[2698, 3436, 6762, 7712, 19164, 22238, 25903, 33247, 33249, 33272, 33273, 36254, 36277, 36278, 42501, 44945, 44947, 46259, 46276, 46822, 47054, 47058, 50626, 50961]",/opt, , 
/home/julia/Mariner-Migration-Project/AD-MFA-phonefactor-pop/src/pop/pfdialer/ops/apache_cleanup.pl,[13],/etc/apache2/apache2.conf,/etc/httpd/httpd.conf,
/home/julia/Mariner-Migration-Project/AD-MFA-phonefactor-pop/src/pop/pfdialer/phonefactordaemon/build/packaging/postinst,"[52, 53, 90, 117, 119, 123, 137]",/etc/init, , 
/home/julia/Mariner-Migration-Project/AD-MFA-phonefactor-pop/src/pop/pfdialer/phonefactordaemon/build/packaging/usr/local/phonefactor/ops/apache_cleanup.pl,[13],/etc/apache2/apache2.conf,/etc/httpd/httpd.conf,
/home/julia/Mariner-Migration-Project/AD-MFA-phonefactor-pop/src/pop/pfdialer/phonefactordaemon/build/packaging/prerm,[28],/etc/init, , 
/home/julia/Mariner-Migration-Project/AD-MFA-phonefactor-pop/src/pop/pfdialer/phonefactordaemon/build/packaging/etc/init.d/phonefactor-qpid-to-cosdb-activations-eu.sh,[63],/etc/init, , 
/home/julia/Mariner-Migration-Project/AD-MFA-phonefactor-pop/src/pop/pfdialer/phonefactordaemon/build/packaging/etc/init.d/phonefactor-qpid-to-cosdb-auths-fairfax.sh,[63],/etc/init, , 
/home/julia/Mariner-Migration-Project/AD-MFA-phonefactor-pop/src/pop/pfdialer/phonefactordaemon/build/packaging/etc/init.d/phonefactor-qpid-to-cosdb-auths-china.sh,[63],/etc/init, , 
/home/julia/Mariner-Migration-Project/AD-MFA-phonefactor-pop/src/pop/pfdialer/phonefactordaemon/build/packaging/etc/init.d/phonefactor-qpid-to-cosdb-activations-china.sh,[63],/etc/init, , 
/home/julia/Mariner-Migration-Project/AD-MFA-phonefactor-pop/src/pop/pfdialer/phonefactordaemon/build/packaging/etc/init.d/phonefactor-qpid-to-cosdb-user-counts-worldwide.sh,[63],/etc/init, , 
/home/julia/Mariner-Migration-Project/AD-MFA-phonefactor-pop/src/pop/pfdialer/phonefactordaemon/build/packaging/etc/init.d/phonefactor-qpid-to-cosdb-auths-worldwide-branchc.sh,[63],/etc/init, , 
/home/julia/Mariner-Migration-Project/AD-MFA-phonefactor-pop/src/pop/pfdialer/phonefactordaemon/build/packaging/etc/init.d/phonefactor-qpid-to-cosdb-auths-worldwide-branchb.sh,[63],/etc/init, , 
/home/julia/Mariner-Migration-Project/AD-MFA-phonefactor-pop/src/pop/pfdialer/phonefactordaemon/build/packaging/etc/init.d/phonefactor-qpid-to-cosdb-mfa-server-tenants-fairfax.sh,[63],/etc/init, , 
/home/julia/Mariner-Migration-Project/AD-MFA-phonefactor-pop/src/pop/pfdialer/phonefactordaemon/build/packaging/etc/init.d/phonefactor-qpid-to-cosdb-mfa-server-tenants-worldwide.sh,[63],/etc/init, , 
/home/julia/Mariner-Migration-Project/AD-MFA-phonefactor-pop/src/pop/pfdialer/phonefactordaemon/build/packaging/etc/init.d/phonefactor-qpid-to-cosdb-mfa-server-tenants-eu.sh,[63],/etc/init, , 
/home/julia/Mariner-Migration-Project/AD-MFA-phonefactor-pop/src/pop/pfdialer/phonefactordaemon/build/packaging/etc/init.d/phonefactor-qpid-to-cosdb-auths-eu.sh,[63],/etc/init, , 
/home/julia/Mariner-Migration-Project/AD-MFA-phonefactor-pop/src/pop/pfdialer/phonefactordaemon/build/packaging/etc/init.d/phonefactor-qpid-to-cosdb-activations-usgov.sh,[63],/etc/init, , 
/home/julia/Mariner-Migration-Project/AD-MFA-phonefactor-pop/src/pop/pfdialer/phonefactordaemon/build/packaging/etc/init.d/phonefactor-qpid-to-cosdb-auths-worldwide-brancha.sh,[63],/etc/init, , 
/home/julia/Mariner-Migration-Project/AD-MFA-phonefactor-pop/src/pop/pfdialer/phonefactordaemon/build/packaging/etc/init.d/phonefactor-qpid-to-cosdb-activations-worldwide.sh,[63],/etc/init, , 
/home/julia/Mariner-Migration-Project/AD-MFA-phonefactor-pop/src/pop/pfdialer/phonefactordaemon/build/packaging/etc/init.d/phonefactor-qpid-to-cosdb-mfa-server-tenants-usgov.sh,[63],/etc/init, , 
/home/julia/Mariner-Migration-Project/AD-MFA-phonefactor-pop/src/pop/pfdialer/phonefactordaemon/build/packaging/etc/init.d/phonefactor-qpid-to-cosdb-mfa-server-tenants-germany.sh,[63],/etc/init, , 
/home/julia/Mariner-Migration-Project/AD-MFA-phonefactor-pop/src/pop/pfdialer/phonefactordaemon/build/packaging/etc/init.d/phonefactor-qpid-to-cosdb-activations-germany.sh,[63],/etc/init, , 
/home/julia/Mariner-Migration-Project/AD-MFA-phonefactor-pop/src/pop/pfdialer/phonefactordaemon/build/packaging/etc/init.d/phonefactor-qpid-to-cosdb-mfa-server-tenants-china.sh,[63],/etc/init, , 
/home/julia/Mariner-Migration-Project/AD-MFA-phonefactor-pop/src/pop/pfdialer/phonefactordaemon/build/packaging/etc/init.d/phonefactor-qpid-to-cosdb-auths-usgov.sh,[63],/etc/init, , 
/home/julia/Mariner-Migration-Project/AD-MFA-phonefactor-pop/src/pop/pfdialer/phonefactordaemon/build/packaging/etc/init.d/phonefactor-qpid-to-cosdb-auths-germany.sh,[63],/etc/init, , 
/home/julia/Mariner-Migration-Project/AD-MFA-phonefactor-pop/src/pop/pfdialer/phonefactordaemon/build/packaging/etc/init.d/phonefactor-qpid-to-cosdb-auths-worldwide.sh,[63],/etc/init, , 
/home/julia/Mariner-Migration-Project/AD-MFA-phonefactor-pop/src/pop/pfdialer/phonefactordaemon/build/packaging/etc/init.d/phonefactor-qpid-to-cosdb-activations-fairfax.sh,[63],/etc/init, , 
/home/julia/Mariner-Migration-Project/AD-MFA-phonefactor-pop/src/pop/qa/backend/tester/build/packaging/postinst,"[6, 12]",/etc/init, , 
/home/julia/Mariner-Migration-Project/AD-MFA-phonefactor-pop/src/pop/db/pfqueue/config-master-db/build/packaging/postinst,"[30, 31]",/etc/init, , 
/home/julia/Mariner-Migration-Project/AD-MFA-phonefactor-pop/src/pop/db/pfqueue/config-master-db/build/packaging/prerm,[5],/etc/init, , 
/home/julia/Mariner-Migration-Project/AD-MFA-phonefactor-pop/src/pop/db/pfqueue/config-master-db/build/packaging/etc/init.d/phonefactor-pfqueue-unbatcher-from-crdb.sh,"[81, 86]",/etc/init, , 
/home/julia/Mariner-Migration-Project/AD-MFA-phonefactor-pop/src/pop/db/pfqueue/config-master-db/build/packaging/etc/init.d/phonefactor-pfqueue-from-crdb.sh,"[81, 86]",/etc/init, , 
/home/julia/Mariner-Migration-Project/AD-MFA-phonefactor-pop/src/pop/db/pfqueue/config-master-db/build/packaging/etc/init.d/phonefactor-pfqueue-fan-to-crdb.sh,[59],/etc/init, , 
/home/julia/Mariner-Migration-Project/AD-MFA-phonefactor-pop/src/pop/db/pfqueue/crdb/build/packaging/postinst,"[30, 31]",/etc/init, , 
/home/julia/Mariner-Migration-Project/AD-MFA-phonefactor-pop/src/pop/db/pfqueue/crdb/build/packaging/conffiles,[3],/etc/cron.d, , 
/home/julia/Mariner-Migration-Project/AD-MFA-phonefactor-pop/src/pop/db/pfqueue/crdb/build/packaging/prerm,[5],/etc/init, , 
/home/julia/Mariner-Migration-Project/AD-MFA-phonefactor-pop/src/pop/db/pfqueue/crdb/build/packaging/etc/init.d/phonefactor-pfqueue-batcher-to-config-master.sh,[59],/etc/init, , 
/home/julia/Mariner-Migration-Project/AD-MFA-phonefactor-pop/src/pop/db/pfqueue/crdb/build/packaging/etc/init.d/phonefactor-pfqueue-from-config-master.sh,[59],/etc/init, , 
/home/julia/Mariner-Migration-Project/AD-MFA-phonefactor-pop/src/pop/db/cron_jobs/azure_billing/vendor/gems/azure-0.5.0/lib/azure/service_bus/service_bus_service.rb,"[671, 676]",/opt, , 
/home/julia/Mariner-Migration-Project/AD-MFA-phonefactor-pop/src/pop/db/config-master-dbcronjobs/build/packaging/postinst,"[75, 76, 112]",/etc/init, , 
/home/julia/Mariner-Migration-Project/AD-MFA-phonefactor-pop/src/pop/db/config-master-dbcronjobs/build/packaging/conffiles,[1],/etc/cron.d, , 
/home/julia/Mariner-Migration-Project/AD-MFA-phonefactor-pop/src/pop/db/config-master-dbcronjobs/build/packaging/prerm,[3],/etc/init, , 
/home/julia/Mariner-Migration-Project/AD-MFA-phonefactor-pop/src/pop/db/config-master-dbcronjobs/build/packaging/etc/init.d/phonefactor-cleanup-deleted-tenants.sh,[65],/etc/init, , 
/home/julia/Mariner-Migration-Project/AD-MFA-phonefactor-pop/src/pop/db/config-master-dbcronjobs/build/packaging/etc/init.d/phonefactor-rabbitmq-to-cosdb-blocked-users-eu.sh,[65],/etc/init, , 
/home/julia/Mariner-Migration-Project/AD-MFA-phonefactor-pop/src/pop/db/config-master-dbcronjobs/build/packaging/etc/init.d/phonefactor-rabbitmq-to-cosdb-blocked-users-germany.sh,[65],/etc/init, , 
/home/julia/Mariner-Migration-Project/AD-MFA-phonefactor-pop/src/pop/db/config-master-dbcronjobs/build/packaging/etc/init.d/phonefactor-rabbitmq-to-cosdb-blocked-users-worldwide.sh,[65],/etc/init, , 
/home/julia/Mariner-Migration-Project/AD-MFA-phonefactor-pop/src/pop/db/config-master-dbcronjobs/build/packaging/etc/init.d/phonefactor-rabbitmq-to-cosdb-blocked-users-china.sh,[65],/etc/init, , 
/home/julia/Mariner-Migration-Project/AD-MFA-phonefactor-pop/src/pop/db/config-master-dbcronjobs/build/packaging/etc/init.d/phonefactor-pfaccountlockoutunblock.sh,[63],/etc/init, , 
/home/julia/Mariner-Migration-Project/AD-MFA-phonefactor-pop/src/pop/db/config-master-dbcronjobs/build/packaging/etc/init.d/phonefactor-rabbitmq-to-cosdb-blocked-user-history-china.sh,[65],/etc/init, , 
/home/julia/Mariner-Migration-Project/AD-MFA-phonefactor-pop/src/pop/db/config-master-dbcronjobs/build/packaging/etc/init.d/phonefactor-rabbitmq-to-cosdb-blocked-user-history-worldwide.sh,[65],/etc/init, , 
/home/julia/Mariner-Migration-Project/AD-MFA-phonefactor-pop/src/pop/db/config-master-dbcronjobs/build/packaging/etc/init.d/phonefactor-cleanup-duplicate-tenants.sh,[65],/etc/init, , 
/home/julia/Mariner-Migration-Project/AD-MFA-phonefactor-pop/src/pop/db/config-master-dbcronjobs/build/packaging/etc/init.d/phonefactor-rabbitmq-to-cosdb-blocked-users-usgov.sh,[65],/etc/init, , 
/home/julia/Mariner-Migration-Project/AD-MFA-phonefactor-pop/src/pop/db/config-master-dbcronjobs/build/packaging/etc/init.d/phonefactor-rabbitmq-to-cosdb-tenant-settings-worldwide.sh,[65],/etc/init, , 
/home/julia/Mariner-Migration-Project/AD-MFA-phonefactor-pop/src/pop/db/config-master-dbcronjobs/build/packaging/etc/init.d/phonefactor-rabbitmq-to-cosdb-tenant-settings-germany.sh,[65],/etc/init, , 
/home/julia/Mariner-Migration-Project/AD-MFA-phonefactor-pop/src/pop/db/config-master-dbcronjobs/build/packaging/etc/init.d/phonefactor-rabbitmq-to-cosdb-blocked-user-history-fairfax.sh,[65],/etc/init, , 
/home/julia/Mariner-Migration-Project/AD-MFA-phonefactor-pop/src/pop/db/config-master-dbcronjobs/build/packaging/etc/init.d/phonefactor-cleanup-orphaned-sound-files.sh,[65],/etc/init, , 
/home/julia/Mariner-Migration-Project/AD-MFA-phonefactor-pop/src/pop/db/config-master-dbcronjobs/build/packaging/etc/init.d/phonefactor-cleanup-old-blocks-bypasses-changes.sh,[65],/etc/init, , 
/home/julia/Mariner-Migration-Project/AD-MFA-phonefactor-pop/src/pop/db/config-master-dbcronjobs/build/packaging/etc/init.d/phonefactor-rabbitmq-to-cosdb-tenant-settings-usgov.sh,[65],/etc/init, , 
/home/julia/Mariner-Migration-Project/AD-MFA-phonefactor-pop/src/pop/db/config-master-dbcronjobs/build/packaging/etc/init.d/phonefactor-rabbitmq-to-cosdb-tenant-settings-eu.sh,[65],/etc/init, , 
/home/julia/Mariner-Migration-Project/AD-MFA-phonefactor-pop/src/pop/db/config-master-dbcronjobs/build/packaging/etc/init.d/phonefactor-rabbitmq-to-cosdb-blocked-user-history-usgov.sh,[65],/etc/init, , 
/home/julia/Mariner-Migration-Project/AD-MFA-phonefactor-pop/src/pop/db/config-master-dbcronjobs/build/packaging/etc/init.d/phonefactor-rabbitmq-to-cosdb-blocked-users-fairfax.sh,[65],/etc/init, , 
/home/julia/Mariner-Migration-Project/AD-MFA-phonefactor-pop/src/pop/db/config-master-dbcronjobs/build/packaging/etc/init.d/phonefactor-rabbitmq-to-cosdb-blocked-user-history-eu.sh,[65],/etc/init, , 
/home/julia/Mariner-Migration-Project/AD-MFA-phonefactor-pop/src/pop/db/config-master-dbcronjobs/build/packaging/etc/init.d/phonefactor-rabbitmq-to-cosdb-blocked-user-history-germany.sh,[65],/etc/init, , 
/home/julia/Mariner-Migration-Project/AD-MFA-phonefactor-pop/src/pop/db/config-master-dbcronjobs/build/packaging/etc/init.d/phonefactor-rabbitmq-to-cosdb-tenant-settings-fairfax.sh,[65],/etc/init, , 
/home/julia/Mariner-Migration-Project/AD-MFA-phonefactor-pop/src/pop/db/config-master-dbcronjobs/build/packaging/etc/init.d/phonefactor-rabbitmq-to-cosdb-tenant-settings-china.sh,[65],/etc/init, , 
/home/julia/Mariner-Migration-Project/AD-MFA-phonefactor-pop/src/pop/db/config-master-dbcronjobs/build/packaging/lib/systemd/system/phonefactor-rabbitmq-to-cosdb-tenant-settings-fairfax.service,"[13, 14]",/etc/init, , 
/home/julia/Mariner-Migration-Project/AD-MFA-phonefactor-pop/src/pop/db/config-master-dbcronjobs/build/packaging/lib/systemd/system/phonefactor-cleanup-old-blocks-bypasses-changes.service,"[13, 14]",/etc/init, , 
/home/julia/Mariner-Migration-Project/AD-MFA-phonefactor-pop/src/pop/db/config-master-dbcronjobs/build/packaging/lib/systemd/system/phonefactor-rabbitmq-to-cosdb-blocked-users-fairfax.service,"[13, 14]",/etc/init, , 
/home/julia/Mariner-Migration-Project/AD-MFA-phonefactor-pop/src/pop/db/config-master-dbcronjobs/build/packaging/lib/systemd/system/phonefactor-cleanup-orphaned-sound-files.service,"[13, 14]",/etc/init, , 
/home/julia/Mariner-Migration-Project/AD-MFA-phonefactor-pop/src/pop/db/config-master-dbcronjobs/build/packaging/lib/systemd/system/phonefactor-rabbitmq-to-cosdb-blocked-user-history-china.service,"[13, 14]",/etc/init, , 
/home/julia/Mariner-Migration-Project/AD-MFA-phonefactor-pop/src/pop/db/config-master-dbcronjobs/build/packaging/lib/systemd/system/phonefactor-rabbitmq-to-cosdb-blocked-user-history-eu.service,"[13, 14]",/etc/init, , 
/home/julia/Mariner-Migration-Project/AD-MFA-phonefactor-pop/src/pop/db/config-master-dbcronjobs/build/packaging/lib/systemd/system/phonefactor-rabbitmq-to-cosdb-tenant-settings-germany.service,"[13, 14]",/etc/init, , 
/home/julia/Mariner-Migration-Project/AD-MFA-phonefactor-pop/src/pop/db/config-master-dbcronjobs/build/packaging/lib/systemd/system/phonefactor-rabbitmq-to-cosdb-blocked-users-china.service,"[13, 14]",/etc/init, , 
/home/julia/Mariner-Migration-Project/AD-MFA-phonefactor-pop/src/pop/db/config-master-dbcronjobs/build/packaging/lib/systemd/system/phonefactor-cleanup-deleted-tenants.service,"[13, 14]",/etc/init, , 
/home/julia/Mariner-Migration-Project/AD-MFA-phonefactor-pop/src/pop/db/config-master-dbcronjobs/build/packaging/lib/systemd/system/phonefactor-cleanup-duplicate-tenants.service,"[13, 14]",/etc/init, , 
/home/julia/Mariner-Migration-Project/AD-MFA-phonefactor-pop/src/pop/db/config-master-dbcronjobs/build/packaging/lib/systemd/system/phonefactor-rabbitmq-to-cosdb-tenant-settings-worldwide.service,"[13, 14]",/etc/init, , 
/home/julia/Mariner-Migration-Project/AD-MFA-phonefactor-pop/src/pop/db/config-master-dbcronjobs/build/packaging/lib/systemd/system/phonefactor-rabbitmq-to-cosdb-tenant-settings-china.service,"[13, 14]",/etc/init, , 
/home/julia/Mariner-Migration-Project/AD-MFA-phonefactor-pop/src/pop/db/config-master-dbcronjobs/build/packaging/lib/systemd/system/phonefactor-rabbitmq-to-cosdb-blocked-users-germany.service,"[13, 14]",/etc/init, , 
/home/julia/Mariner-Migration-Project/AD-MFA-phonefactor-pop/src/pop/db/config-master-dbcronjobs/build/packaging/lib/systemd/system/phonefactor-rabbitmq-to-cosdb-tenant-settings-eu.service,"[13, 14]",/etc/init, , 
/home/julia/Mariner-Migration-Project/AD-MFA-phonefactor-pop/src/pop/db/config-master-dbcronjobs/build/packaging/lib/systemd/system/phonefactor-rabbitmq-to-cosdb-blocked-user-history-usgov.service,"[13, 14]",/etc/init, , 
/home/julia/Mariner-Migration-Project/AD-MFA-phonefactor-pop/src/pop/db/config-master-dbcronjobs/build/packaging/lib/systemd/system/phonefactor-rabbitmq-to-cosdb-blocked-user-history-germany.service,"[13, 14]",/etc/init, , 
/home/julia/Mariner-Migration-Project/AD-MFA-phonefactor-pop/src/pop/db/config-master-dbcronjobs/build/packaging/lib/systemd/system/phonefactor-rabbitmq-to-cosdb-blocked-users-eu.service,"[13, 14]",/etc/init, , 
/home/julia/Mariner-Migration-Project/AD-MFA-phonefactor-pop/src/pop/db/config-master-dbcronjobs/build/packaging/lib/systemd/system/phonefactor-rabbitmq-to-cosdb-blocked-user-history-worldwide.service,"[13, 14]",/etc/init, , 
/home/julia/Mariner-Migration-Project/AD-MFA-phonefactor-pop/src/pop/db/config-master-dbcronjobs/build/packaging/lib/systemd/system/phonefactor-rabbitmq-to-cosdb-blocked-users-worldwide.service,"[13, 14]",/etc/init, , 
/home/julia/Mariner-Migration-Project/AD-MFA-phonefactor-pop/src/pop/db/config-master-dbcronjobs/build/packaging/lib/systemd/system/phonefactor-rabbitmq-to-cosdb-tenant-settings-usgov.service,"[13, 14]",/etc/init, , 
/home/julia/Mariner-Migration-Project/AD-MFA-phonefactor-pop/src/pop/db/config-master-dbcronjobs/build/packaging/lib/systemd/system/phonefactor-rabbitmq-to-cosdb-blocked-users-usgov.service,"[13, 14]",/etc/init, , 
/home/julia/Mariner-Migration-Project/AD-MFA-phonefactor-pop/src/pop/db/config-master-dbcronjobs/build/packaging/lib/systemd/system/phonefactor-rabbitmq-to-cosdb-blocked-user-history-fairfax.service,"[13, 14]",/etc/init, , 
/home/julia/Mariner-Migration-Project/AD-MFA-phonefactor-pop/shared/shared/libpf/trace/trace.cpp,[29],/opt, , 
/home/julia/Mariner-Migration-Project/AD-MFA-phonefactor-pop/shared/shared/libpfpskc/pfpskc_draftHoyer00.cpp,[29],/opt, , 
/home/julia/Mariner-Migration-Project/AD-MFA-phonefactor-pop/shared/shared/pfpskc/pfpskc.cpp,"[33, 34]",/opt, , 
